,LE,T_air,wind_speed,Enet,RH_air
2015-06-01 08:30:00,14.2144411253,2.325161,4.77236609665,348.956593962,80.66074
2015-06-01 09:00:00,19.2777943619,2.337333,5.30532419763,351.893542537,81.91886
2015-06-01 09:30:00,15.6171396362,2.172278,6.06170103142,411.856761949,82.21066
2015-06-01 10:00:00,13.8757631883,1.998183,6.34128420821,304.556982401,81.75561
2015-06-01 10:30:00,20.2149107424,2.332133,6.02644584074,385.062729567,80.23505
2015-06-01 11:00:00,18.3246724772,2.285856,5.86981185538,348.926912369,79.27924
2015-06-01 11:30:00,21.7509845806,2.399928,5.6903919682,315.868653121,78.11698
2015-06-01 12:00:00,23.2559647759,2.61155,5.78044225626,453.747228219,77.09232
2015-06-01 14:00:00,44.1627594914,3.274994,5.36150636171,442.899070876,73.93464
2015-06-01 14:30:00,50.3156495162,3.387878,5.3709371523,430.218522569,74.23245
2015-06-01 15:00:00,49.601524913,3.424983,5.63551717828,412.723837796,73.84484
2015-06-01 15:30:00,36.7099950381,3.1974,5.47826676628,391.471974608,74.60571
2015-06-01 16:30:00,37.8512626375,3.124455,6.33118942932,340.363506631,73.63334
2015-06-01 17:00:00,40.1494043093,3.028333,5.77186325411,309.982354957,73.91231
2015-06-01 17:30:00,43.176202924,3.164711,6.33443402078,283.722701295,72.22766
2015-06-01 18:30:00,30.1913915034,2.900039,5.89849404688,222.386912678,73.9781
2015-06-01 21:00:00,12.0632419329,2.839611,5.78108402095,128.440050253,78.21737
2015-06-02 07:00:00,3.56988760649,2.130144,5.9396167456,58.0395562477,83.115
2015-06-02 07:30:00,2.54823901325,2.226311,5.31616274939,71.342356949,81.87222
2015-06-02 08:00:00,4.49281122502,2.194494,6.52955265315,83.3913757807,81.50893
2015-06-02 08:30:00,6.60622801371,2.033589,7.27032827463,95.6787897054,82.18566
2015-06-02 09:00:00,6.79794902049,1.975133,7.87547699021,130.674724703,80.51441
2015-06-02 09:30:00,8.70980084241,2.170328,7.36735478484,162.010058517,78.5788
2015-06-02 10:30:00,21.4249027292,2.879144,6.95309063975,298.631112247,77.09708
2015-06-02 11:00:00,9.99464793205,2.278816,8.00274842249,183.664287546,79.68474
2015-06-02 11:30:00,23.0529410948,2.658716,7.31137358697,271.057404631,78.53818
2015-06-02 12:00:00,17.3248780786,2.638522,8.08223918703,322.195021666,79.50974
2015-06-02 12:30:00,13.425975765,2.305433,8.07381792097,242.779141014,80.7049
2015-06-02 13:00:00,12.4261801636,2.181411,8.50479761402,216.044284408,81.52723
2015-06-02 13:30:00,12.6430707304,2.187994,8.216617096,187.894059561,80.86813
2015-06-02 14:00:00,14.6550830368,2.12835,8.33966306556,299.135712905,79.64967
2015-06-02 14:30:00,17.9192415895,1.783511,8.58355086243,196.404838475,79.9442
2015-06-02 15:30:00,12.3017644545,1.369594,8.96367326454,211.969905737,80.13515
2015-06-02 16:00:00,21.0955377231,2.104461,8.44348960474,500.806777532,79.20422
2015-06-02 16:30:00,24.9479957968,2.236072,8.46249878805,422.011187043,78.94983
2015-06-02 17:00:00,26.1750369652,2.174366,7.37744170672,267.724379077,78.06651
2015-06-02 17:30:00,13.904771554,2.208439,7.33202842589,270.470444536,76.72526
2015-06-02 18:00:00,20.581831771,2.059817,7.07714530114,192.905172222,77.7239
2015-06-02 18:30:00,10.902818131,1.808922,6.98531985865,136.967947022,79.97919
2015-06-02 19:30:00,8.4522347657,1.6548,6.28111076679,87.0126190587,79.67406
2015-06-02 20:00:00,10.2969995024,1.669161,5.71541937822,81.2815493558,80.11661
2015-06-02 20:30:00,8.96799848978,1.684183,5.49004859217,78.5665716758,80.29221
2015-06-02 21:00:00,9.41039833028,1.506139,5.86514096349,66.8705510638,79.84283
2015-06-02 21:30:00,7.49191685728,1.314461,6.02013936782,52.0815519536,79.01122
2015-06-02 22:00:00,6.16466162255,1.124528,6.09063155765,41.3737523432,78.93546
2015-06-02 22:30:00,6.66940228095,0.8082944,6.53795460869,42.3884821315,78.60478
2015-06-03 00:00:00,3.85402975962,0.9239721,4.25014320261,3.83064672474,76.65178
2015-06-03 02:00:00,3.57493860371,0.2679166,4.13602123114,49.4454276072,79.73442
2015-06-03 02:30:00,4.34608205215,0.4345889,3.81028450925,54.1732943072,80.63579
2015-06-03 04:30:00,5.39792159899,0.7854111,1.55170889804,75.7659708749,77.82481
2015-06-03 05:00:00,11.638961931,1.268628,0.545031204356,116.691388952,73.21292
2015-06-03 05:30:00,11.5556374158,0.9653277,1.11961125742,125.580593663,76.02959
2015-06-03 06:00:00,11.6365979099,0.9054833,1.23029989567,136.36439648,77.53785
2015-06-03 06:30:00,12.280226619,1.077539,0.638619992554,110.963792238,79.00151
2015-06-03 07:00:00,8.65356442674,0.8428777,1.96118856935,121.903850813,83.06747
2015-06-03 07:30:00,13.3434106474,1.152489,1.51991597833,176.721843837,83.92094
2015-06-03 08:00:00,11.0300765742,1.371044,0.596894957126,119.809054485,81.00798
2015-06-03 09:00:00,8.53371641318,1.357444,2.53854817471,119.08614159,81.39674
2015-06-03 09:30:00,10.2277841965,1.402856,3.05034825788,127.399621725,81.90274
2015-06-03 10:00:00,23.7023323268,1.694072,3.88236394104,255.159062965,80.49973
2015-06-03 10:30:00,22.9339386809,1.936656,4.13876407154,256.330063949,80.12251
2015-06-03 11:30:00,27.8013298812,2.184117,4.55560242706,263.294248462,78.9416
2015-06-03 12:30:00,25.2258961913,2.308594,4.95291678613,203.813507317,79.95878
2015-06-03 13:00:00,19.6876475693,2.233166,5.34452705417,175.131106518,80.42546
2015-06-03 14:00:00,19.4403627631,2.5017,5.33198257905,230.639263158,80.10732
2015-06-03 15:30:00,34.7910934322,3.402233,4.22145201441,256.089028205,75.97729
2015-06-03 16:00:00,35.3356519404,3.319083,4.59867163665,210.963676476,76.56664
2015-06-03 16:30:00,36.5876614623,3.358428,4.83187058777,345.933992724,75.55237
2015-06-03 17:00:00,41.8368953103,3.516439,4.32845978516,185.067062958,72.74815
2015-06-03 18:00:00,34.0605056641,3.846627,3.21438618677,177.971660238,65.6014
2015-06-03 18:30:00,39.0229312646,3.714839,3.12051290196,166.717621341,68.20822
2015-06-03 19:00:00,48.0304565798,3.711872,3.68679608595,146.52130895,67.87843
2015-06-03 19:30:00,42.2795212717,3.407689,4.9780342709,129.785247122,69.45004
2015-06-03 20:00:00,26.7148795941,3.162533,5.33258071091,92.0522363142,72.24867
2015-06-03 20:30:00,22.6386437191,3.026544,5.02852495792,89.2755791893,72.25981
2015-06-03 21:00:00,21.6962543198,2.844422,5.40317927725,66.564582838,73.83769
2015-06-03 21:30:00,12.6808920981,2.345556,5.85891090803,59.2400944098,77.76586
2015-06-03 22:00:00,11.166126181,2.140161,5.56447301936,62.8145992789,78.37188
2015-06-03 22:30:00,10.482062682,2.007072,5.19805857415,58.5357710432,78.97224
2015-06-04 00:30:00,1.86995529825,1.688183,3.75495702742,30.0049083238,82.14844
2015-06-04 02:00:00,5.72618307275,1.396194,4.45236277654,62.537759669,82.22541
2015-06-04 02:30:00,5.26863385833,1.312567,4.42006721892,46.3257168621,81.67153
2015-06-04 03:00:00,4.66457822671,1.25085,4.45679455662,33.2513801521,80.12106
2015-06-04 03:30:00,4.82779316498,1.302967,4.56746675562,38.6874812654,79.7198
2015-06-04 04:00:00,6.11007767531,1.401589,4.26747914378,42.7931727865,76.94023
2015-06-04 04:30:00,7.06229876769,1.399239,4.11812348984,64.3949465419,76.64059
2015-06-04 05:00:00,9.8323591317,1.419456,3.89302481126,59.8301217487,74.59176
2015-06-04 05:30:00,9.2805144998,1.346711,5.00722742432,67.0522793242,76.66129
2015-06-04 06:00:00,10.7792772716,1.459755,4.66689086415,70.5996822866,75.47903
2015-06-04 06:30:00,9.12424346298,1.9033,3.69838798492,100.934336201,73.96775
2015-06-04 07:30:00,13.8869277945,1.926022,4.41239327366,143.291450015,74.2489
2015-06-04 08:00:00,17.3151027325,2.109161,4.94365148521,177.974386408,74.70264
2015-06-04 08:30:00,15.7383770544,2.020016,4.83857745942,178.929959063,76.99674
2015-06-04 09:00:00,16.9402269872,1.824583,3.01248684311,195.428946182,78.63316
2015-06-04 10:30:00,29.3771777577,2.917239,5.58141836197,283.515067717,73.06811
2015-06-04 14:00:00,76.2855336527,4.153789,5.9709441636,550.139304984,73.26482
2015-06-04 14:30:00,70.5386899998,4.29195,5.72042437675,440.894029584,72.60799
2015-06-04 16:00:00,42.4232621789,3.683161,5.45882665968,319.32701641,73.27988
2015-06-04 16:30:00,71.4661304242,4.247566,5.76706088209,446.893921169,71.86096
2015-06-04 17:00:00,99.1548070815,4.486366,6.27558118742,543.021273652,70.73431
2015-06-04 17:30:00,61.7205980998,3.913461,5.51276298416,252.765952586,70.20119
2015-06-04 18:00:00,41.1503995736,3.522872,5.55349797124,184.544242261,71.87625
2015-06-04 19:00:00,30.6275437044,3.2024,5.83843961662,113.561988786,72.6209
2015-06-04 19:30:00,31.4660626622,2.895077,5.14963520676,59.192352328,73.40643
2015-06-04 20:00:00,23.476107933,2.843305,3.96765204773,74.8584687841,72.18584
2015-06-04 20:30:00,25.8666058869,2.673867,5.21609472129,52.7778146021,72.87826
2015-06-04 22:00:00,7.82685060383,2.211555,4.51589255369,-12.3354814587,74.26259
2015-06-05 01:30:00,7.78749865619,2.107761,3.44797096898,29.5344492257,76.16199
2015-06-05 02:00:00,8.73664620622,2.088961,3.2524332363,29.3223695604,76.80663
2015-06-05 03:00:00,5.98960818154,1.873267,3.4161897973,67.4487695971,80.85149
2015-06-05 03:30:00,5.77643823373,1.734822,2.42905405048,68.1121388023,83.11919
2015-06-05 07:00:00,4.57656455527,1.713694,5.19014837625,134.06415325,83.27106
2015-06-05 13:00:00,59.3538228039,4.032861,5.88976756299,381.639364338,71.58929
2015-06-05 13:30:00,37.833864585,4.047645,5.7763485321,351.774090898,72.80502
2015-06-05 15:00:00,41.9015325413,4.001178,6.46261432748,282.849713322,71.99774
2015-06-05 17:00:00,26.5472191467,,5.92001923284,,
2015-06-05 21:00:00,20.6262658575,3.072311,4.16680952289,79.8493105417,75.50476
2015-06-05 21:30:00,18.3342661941,2.833306,3.53376149011,73.385673095,77.16943
2015-06-06 06:30:00,11.2275837827,2.1894,4.64654761276,101.592571154,78.67019
2015-06-06 07:30:00,17.032212912,2.484022,4.20098291354,130.613156494,77.6488
2015-06-06 08:00:00,11.830833062,2.491294,4.19450256309,142.540681344,76.66007
2015-06-06 08:30:00,18.9005477398,2.701261,4.13865951798,181.803232134,75.28361
2015-06-06 10:30:00,51.8310825964,3.32385,4.22141041022,417.035704334,73.84042
2015-06-06 11:00:00,39.3355282362,3.380522,4.46548831791,352.409217163,74.74716
2015-06-06 11:30:00,35.828169375,3.276917,4.6831149725,282.097544174,75.67199
2015-06-06 13:00:00,68.768100989,4.306411,4.03575619253,463.85630938,67.62904
2015-06-06 14:00:00,79.1942840059,4.268155,4.69164308809,369.108636521,68.81395
2015-06-06 14:30:00,70.1957761665,4.448594,4.52331934127,336.742472508,66.87157
2015-06-06 15:00:00,63.1900110993,4.201483,4.56727961919,238.077684329,67.22611
2015-06-06 15:30:00,71.3715398523,4.238994,4.83271040661,275.500140056,67.86153
2015-06-06 16:00:00,52.3263244824,4.068661,4.52527120698,267.471744184,67.88506
2015-06-06 16:30:00,56.669827453,4.003939,5.31045458031,257.410992083,69.59936
2015-06-06 17:00:00,65.9281436327,4.075483,5.54188981113,323.960214051,69.40437
2015-06-06 18:30:00,58.6548060551,4.340411,4.34649358966,214.264335128,66.66831
2015-06-06 19:30:00,55.9746478932,4.441472,4.19701565951,202.828930525,66.02195
2015-06-06 20:00:00,58.7802385432,4.415994,4.41413661257,192.712892616,68.70271
2015-06-06 20:30:00,33.4990454604,4.054055,4.74934628735,112.281976412,72.44788
2015-06-06 21:00:00,19.7439365506,3.419816,4.20998681801,30.4376239955,77.24199
2015-06-06 23:30:00,13.6331267151,2.703556,3.10025664354,47.9007981634,74.18204
2015-06-07 00:30:00,5.31597194396,1.893422,3.43669151127,14.1607498508,77.8416
2015-06-07 01:00:00,3.90910413425,1.789478,3.26055432896,32.9877832402,78.62639
2015-06-07 02:30:00,4.71915324607,1.702778,3.2047786246,21.6204254872,80.11986
2015-06-07 03:30:00,5.05953260253,1.673439,2.80636180448,37.4084776147,85.05821
2015-06-07 04:00:00,6.00002108028,1.6067,2.65847424769,41.3249037385,83.94848
2015-06-07 04:30:00,4.45891046672,1.447922,3.30283953266,37.2052130364,85.78578
2015-06-07 05:00:00,2.11423383677,1.296617,4.02073679031,49.0526064331,87.79097
2015-06-07 05:30:00,3.23154667434,1.300528,3.50604739052,54.7861743481,87.76338
2015-06-07 06:30:00,4.87743896383,1.463211,4.01878607208,91.7839962846,86.20776
2015-06-07 07:30:00,7.97780858518,1.847789,4.00142482745,130.285500174,83.60902
2015-06-07 08:00:00,8.34721319283,1.879089,4.2607225886,179.630420256,84.02093
2015-06-07 08:30:00,8.35702314201,1.975955,4.54474787145,180.286582153,83.13422
2015-06-07 09:00:00,11.1988774811,1.799133,4.59525423718,142.90001339,84.09346
2015-06-07 10:00:00,12.2429188652,2.198772,3.82630119349,191.604506424,81.78289
2015-06-07 10:30:00,14.0894898325,2.124578,4.75500882215,177.253826472,82.54395
2015-06-07 11:00:00,9.35332225492,1.924772,5.11568604951,181.9922254,84.25098
2015-06-07 11:30:00,12.6736918805,2.058272,4.61313420632,187.400285834,82.82141
2015-06-07 12:00:00,12.5665741699,2.139966,4.23126258806,195.740112609,82.62745
2015-06-07 12:30:00,11.0145244028,2.120183,4.45216931969,178.555939826,82.82518
2015-06-07 13:00:00,9.9805922682,2.053822,4.33750760443,167.521314435,82.8479
2015-06-07 13:30:00,11.9551940261,2.098022,3.82905802629,174.501250791,82.73586
2015-06-07 14:00:00,14.2328069003,2.176316,3.93023040638,171.879627667,82.81084
2015-06-07 14:30:00,13.9904872319,2.107433,3.81099287318,155.167736488,83.09662
2015-06-07 15:00:00,10.027969819,2.073467,3.92067152881,145.662509687,83.66235
2015-06-07 16:30:00,9.27773923408,2.298433,3.37645591376,180.999616647,82.62839
2015-06-07 17:00:00,16.7349176234,2.616283,2.9104567702,177.172508629,79.80941
2015-06-07 17:30:00,27.1269264707,2.787189,2.96747692801,180.394167017,76.7639
2015-06-07 18:00:00,19.1979852712,2.885345,3.70321001847,194.892077409,78.491
2015-06-07 19:00:00,11.2322613314,2.78955,3.32578811932,127.388025864,81.09315
2015-06-07 19:30:00,12.6058045239,2.922228,3.29613921896,143.831325719,80.92341
2015-06-07 20:00:00,27.4756531621,3.826756,2.78071089132,206.247950374,75.32629
2015-06-07 20:30:00,22.0572659853,3.420861,2.7239148449,85.6166563589,76.04169
2015-06-07 21:00:00,27.5791340644,3.456939,2.44439259014,107.26596562,73.97485
2015-06-07 22:00:00,18.1304667455,2.914528,2.57443057456,52.3022584081,76.84155
2015-06-07 22:30:00,8.87323736769,2.464878,3.37224661861,36.4442778617,79.39198
2015-06-07 23:30:00,10.8638653349,2.290895,1.25942603563,33.3240821684,76.09211
2015-06-08 00:30:00,4.6073477133,1.683555,2.66836747788,2.84030356853,76.16534
2015-06-08 02:30:00,5.10478690722,1.164906,2.19091321035,1.25029798242,78.27099
2015-06-08 03:00:00,8.42102519508,1.599405,0.335127244413,31.4621743759,76.75246
2015-06-08 04:30:00,11.7908495176,2.109933,1.15582101056,46.163187172,73.39762
2015-06-08 05:30:00,14.2304935467,2.098794,1.90189547835,62.4073969434,75.28011
2015-06-08 06:00:00,13.7173083804,2.387794,1.70332095361,75.0661529521,73.39823
2015-06-08 06:30:00,14.4094374231,2.364905,2.85290120564,80.3475170754,75.49971
2015-06-08 07:30:00,27.8819643047,2.890511,3.86628706077,164.875274562,76.33003
2015-06-08 08:00:00,34.5262187256,3.150905,4.34142635341,302.412601882,76.40103
2015-06-08 09:30:00,46.8111544393,3.466705,3.84367893375,174.760603966,71.61193
2015-06-08 11:30:00,94.1845462308,4.504772,4.00789944878,423.306356355,69.97789
2015-06-08 12:00:00,51.4175709797,4.019978,4.13940459399,251.214440547,70.22289
2015-06-08 12:30:00,66.1044725653,4.354667,3.50321641369,282.304656583,69.58375
2015-06-08 13:00:00,88.5016703461,4.689955,3.82672987142,354.714241413,68.99925
2015-06-08 15:30:00,101.031069876,5.715327,3.24540720576,539.81834193,66.12123
2015-06-08 16:00:00,84.8828506019,5.385894,2.82719677781,294.703348777,68.61785
2015-06-08 16:30:00,30.2870706891,4.160233,3.68574410591,196.794673204,79.86528
2015-06-08 17:00:00,29.5106196659,4.214389,3.01485710147,189.655923111,80.79469
2015-06-08 17:30:00,40.2724605232,4.283272,3.17082181161,263.565211529,81.17482
2015-06-08 18:00:00,45.7591739623,4.31625,3.11608045518,257.861142274,81.46962
2015-06-08 18:30:00,31.7983529531,4.174905,2.39558845107,206.345714102,82.15872
2015-06-08 19:00:00,19.9437476697,3.925478,2.53071452087,157.272173268,83.1233
2015-06-08 20:00:00,24.4264270485,4.074194,1.93415454868,142.06343811,81.09562
2015-06-08 20:30:00,18.9499532298,3.827989,2.7005549506,90.0013297708,81.72255
2015-06-08 21:00:00,18.3641889478,3.606966,2.13233040754,98.7885380824,81.30716
2015-06-08 22:30:00,5.24623568201,3.199328,2.05112864415,53.0362958581,84.47004
2015-06-08 23:00:00,8.83353200423,3.172194,1.75788251877,43.6624467264,83.21091
2015-06-09 00:00:00,5.64215486013,2.913661,2.43074585656,31.549629728,85.08701
2015-06-09 01:00:00,7.42752575707,2.836778,1.52189891504,36.3322903251,84.98399
2015-06-09 01:30:00,6.23105881875,2.922072,1.63361620793,35.2084794221,84.30759
2015-06-09 02:00:00,4.71506302244,2.965294,0.994220636188,32.4412908977,82.70084
2015-06-09 04:00:00,6.24742240289,3.130339,4.02039982854,55.5957836472,77.64778
2015-06-09 05:00:00,14.6074163712,3.014139,4.21909967052,67.6574578328,76.2782
2015-06-09 08:00:00,25.3428453807,3.198589,2.93482687744,159.69897672,69.53832
2015-06-09 09:30:00,19.3192601425,3.531555,5.37933649173,179.03196687,74.84002
2015-06-09 10:00:00,29.6413999881,3.814233,5.1430328095,196.700570502,73.85355
2015-06-09 11:30:00,95.2221240669,5.224844,2.76552352195,425.229878795,66.62135
2015-06-09 12:30:00,38.8273040351,4.325605,6.67581796635,203.088988747,75.20329
2015-06-09 13:00:00,45.5593640657,4.590222,7.52227039892,277.423221696,74.76034
2015-06-09 13:30:00,43.809989613,4.619339,8.22356055297,289.309673074,76.09457
2015-06-09 14:00:00,39.1935132401,4.852278,7.20099499957,354.560066946,75.97018
2015-06-09 14:30:00,45.0009902053,4.729589,8.5056026481,312.76438575,75.85921
2015-06-09 15:00:00,20.4227629702,4.061995,8.52134477329,174.221767738,77.37608
2015-06-09 15:30:00,21.0018363854,3.853105,8.07168143341,170.312312032,77.78905
2015-06-09 16:00:00,16.7887402194,3.960544,6.88239001321,154.324431827,77.3047
2015-06-09 16:30:00,16.1056815194,4.009428,7.51173182884,163.323543356,77.93829
2015-06-09 17:00:00,16.474286442,3.987589,7.45517675714,163.851850789,78.21684
2015-06-09 17:30:00,12.6583221048,3.823094,7.26069163144,150.794834258,78.6181
2015-06-09 18:00:00,14.7790741375,3.859033,6.45585520384,138.091423951,78.04711
2015-06-09 18:30:00,22.296105395,4.2546,5.83167003888,200.229356218,76.92815
2015-06-09 19:00:00,26.3125667721,4.341683,6.62104085043,162.999972244,76.40874
2015-06-09 19:30:00,12.5025930985,4.046716,6.79254527666,121.698085286,77.51224
2015-06-09 20:00:00,11.1848933987,3.969494,6.66874339793,115.380796514,78.15834
2015-06-09 22:00:00,2.84743256342,2.940361,4.69684718576,29.6712900759,84.82338
2015-06-09 22:30:00,1.2566468353,2.846977,4.77401661113,19.5815318648,86.05815
2015-06-10 00:30:00,1.46995541223,2.533961,4.02023602403,8.71150627935,88.63599
2015-06-10 02:30:00,2.47528596825,2.597772,4.38415551183,19.0059199368,83.67408
2015-06-10 03:00:00,1.84860343473,2.617628,3.95424788174,21.891551406,83.38213
2015-06-10 04:00:00,4.65632077714,3.151994,4.24341498745,66.0902000836,80.97587
2015-06-10 08:30:00,10.6159989449,3.724022,5.04686941359,94.6762548498,77.80428
2015-06-10 09:00:00,10.6700541256,3.821666,4.58865634102,125.052386489,77.57158
2015-06-10 09:30:00,17.1964662135,4.142039,4.6618616891,170.600258808,77.30012
2015-06-10 11:00:00,41.9900047798,5.324555,4.78572787718,392.922069936,74.67487
2015-06-10 12:30:00,29.472572979,5.353567,5.760045206,256.861860579,75.94685
2015-06-10 13:30:00,23.0059361394,5.226117,5.64334797636,205.451762258,77.0196
2015-06-10 14:00:00,34.858986406,5.562794,5.5158872084,244.28260071,76.44707
2015-06-10 14:30:00,30.466305873,5.358016,6.33831153891,197.69400155,76.7765
2015-06-10 15:00:00,17.0823678596,5.131494,6.62126766315,150.731856397,79.03802
2015-06-10 15:30:00,10.735217191,4.831133,6.57196102482,158.374296629,82.77921
2015-06-10 17:00:00,5.44141584225,4.046339,6.67583414273,110.036880672,86.89626
2015-06-10 20:00:00,6.01515591566,4.521794,6.66216305867,130.383013519,84.32462
2015-06-10 20:30:00,7.5805718269,4.175789,6.91636496997,117.561377146,84.85076
2015-06-10 21:00:00,5.67927221659,3.938077,7.18843026202,73.783380976,84.32096
2015-06-10 21:30:00,5.13678099191,3.772794,6.90322871037,74.2574817991,84.95559
2015-06-10 22:00:00,5.66848316633,3.830189,6.85714972195,81.8847117368,84.32201
2015-06-10 22:30:00,4.80365932921,3.386861,7.67092885306,70.1305330041,84.62341
2015-06-10 23:00:00,4.93850987394,3.147666,7.467455099,63.264031444,85.28293
2015-06-10 23:30:00,3.47330593434,2.926816,7.86033469196,50.4514995595,85.08051
2015-06-11 00:00:00,2.87788022062,2.944533,6.73609955651,47.0115853996,84.45393
2015-06-11 00:30:00,3.05282761454,3.057694,6.26113986084,41.9477774939,84.02055
2015-06-11 01:00:00,4.8386311674,3.144872,6.10220949822,32.5642934793,81.13175
2015-06-11 01:30:00,7.48466022296,3.066283,7.18749876451,45.8865867061,78.87232
2015-06-11 02:00:00,12.7757779989,3.906211,6.76544248968,121.287766428,75.47359
2015-06-11 02:30:00,11.0912981913,3.50345,6.55212606547,56.7736557623,78.60225
2015-06-11 03:00:00,9.26038386148,3.521867,5.84840665361,83.4866122101,78.48655
2015-06-11 05:30:00,7.39221846281,4.169744,3.09599640295,104.838706291,76.38793
2015-06-11 06:30:00,10.3555484322,4.275072,1.25375214542,68.0707071037,74.7689
2015-06-11 07:00:00,17.9157713117,4.865878,1.20089430648,132.66962232,71.64514
2015-06-11 07:30:00,19.2577972923,5.077994,0.951669569084,122.96938011,68.67222
2015-06-11 08:00:00,21.5903808569,5.358756,0.48088462281,124.292513109,66.8278
2015-06-11 08:30:00,35.9546656656,5.721871,0.419229638743,187.640047484,67.14778
2015-06-11 09:00:00,45.8659082764,5.662305,1.30459249429,181.079992528,68.78662
2015-06-11 09:30:00,56.4172390537,6.099272,1.98517234309,336.940280466,69.1096
2015-06-11 11:00:00,24.9654307557,5.755772,3.13330040803,132.23045035,74.19872
2015-06-11 12:00:00,33.9262136899,6.013933,3.09729731532,173.699737548,73.96412
2015-06-11 13:00:00,35.0088254871,5.809494,6.59520689526,150.444622501,71.10905
2015-06-11 13:30:00,34.2543241346,5.634139,6.22238581323,172.15986793,71.70769
2015-06-11 14:00:00,23.5188294601,5.420011,6.27926092944,152.163915598,74.62793
2015-06-11 14:30:00,20.1134484831,4.792911,6.88901788558,115.300880458,76.41516
2015-06-11 15:00:00,8.8639608025,4.246333,5.08736443858,84.0822869959,80.74937
2015-06-11 16:00:00,3.74435086812,2.382133,5.68957827733,60.9755463105,90.81834
2015-06-11 17:00:00,3.14220927384,1.872172,7.29969161075,75.5826814789,90.24306
2015-06-11 17:30:00,7.3746522404,2.321294,6.27624924645,74.6562449968,83.03577
2015-06-11 19:00:00,5.39671921546,2.279117,6.7212321873,39.40269974,82.62505
2015-06-11 19:30:00,3.73240620985,1.808617,6.23792202081,32.5548653493,86.02419
2015-06-11 20:30:00,5.14358101742,1.774517,6.13312833704,32.185688987,83.35056
2015-06-11 22:30:00,0.727133519657,1.419511,5.05367667298,11.579905295,89.9476
2015-06-11 23:00:00,2.17195486074,1.795339,6.21174095023,11.371874511,85.27564
2015-06-11 23:30:00,3.93330682131,1.789672,6.99642110389,6.21537962501,82.69964
2015-06-12 00:00:00,5.96174293159,2.091461,6.41243153315,11.8871115088,78.86718
2015-06-12 01:00:00,4.78215983933,2.600806,2.5041403937,16.9370389896,76.14503
2015-06-12 02:00:00,8.3898600236,2.356572,4.88000018864,25.437045186,77.95939
2015-06-12 02:30:00,4.80107210199,2.294694,5.50626245393,19.7635455796,78.25291
2015-06-12 03:00:00,5.15911604063,2.489694,5.01142418682,21.7950583724,77.14708
2015-06-12 03:30:00,3.16840917398,2.638794,3.73389835083,7.58659470837,77.56754
2015-06-12 05:00:00,4.0353396449,2.62895,5.2569614314,21.0425519492,77.62518
2015-06-12 05:30:00,8.075539169,3.158544,5.85187852007,52.8439671822,75.84413
2015-06-12 06:30:00,8.94271662432,3.492455,6.92581848191,58.8392800387,75.5323
2015-06-12 07:00:00,8.70698122804,3.089533,7.01672258243,38.4237002548,76.32993
2015-06-12 07:30:00,7.76631706152,3.030405,6.33012708034,35.0402077689,75.80215
2015-06-12 08:00:00,5.48066138198,3.140644,5.01244986912,55.2264949465,76.11559
2015-06-12 09:00:00,10.9574657975,3.276183,5.76837306404,89.4242530642,77.46508
2015-06-12 09:30:00,9.80306187694,3.259367,5.05832613047,92.896711767,75.40794
2015-06-12 10:30:00,6.78802359536,3.059133,5.53110191744,92.5399881811,80.50906
2015-06-12 11:30:00,3.41410751292,3.266955,5.5539183232,53.3270684636,78.15151
2015-06-12 12:00:00,8.46149315189,3.588561,4.31350943355,78.1191333884,77.24474
2015-06-12 12:30:00,7.86368225468,3.781106,3.23581491478,56.8585459987,76.04243
2015-06-12 13:00:00,16.5659213108,3.80285,3.13289007113,67.0668253395,74.3051
2015-06-12 13:30:00,12.9357705705,3.892411,4.15241815104,85.1400524171,73.00021
2015-06-12 14:00:00,16.9194850823,4.113544,5.09537455971,94.424244519,71.08389
2015-06-12 14:30:00,16.9161777434,4.008172,5.19742209633,95.8394599296,70.42607
2015-06-12 15:00:00,21.5204383521,4.060822,5.40081465019,123.712923347,71.06149
2015-06-12 15:30:00,22.6076153013,3.859728,6.37804365533,100.91062982,72.37684
2015-06-12 16:00:00,14.109638838,3.7383,5.51661819497,69.5963584005,71.95169
2015-06-12 16:30:00,11.1558172314,3.492478,5.61107357703,63.5404264283,73.59166
2015-06-12 17:00:00,14.6713453865,3.732528,4.85179583114,43.859185944,71.2328
2015-06-12 18:00:00,15.2297999828,3.246722,5.74383902278,28.3597079523,74.84239
2015-06-12 18:30:00,5.94575687498,2.918244,5.65073694009,27.5989293206,78.21215
2015-06-12 19:00:00,4.53217976984,2.442894,5.21458884503,23.0202358385,83.23336
2015-06-12 21:30:00,32.8863092281,4.583589,2.94113760773,54.8680287088,61.04744
2015-06-12 22:00:00,23.7036896552,4.659472,3.70254810235,38.7256851885,61.43881
2015-06-12 22:30:00,28.7696272482,4.661028,2.76383010091,35.7587087488,61.88209
2015-06-12 23:30:00,22.1264457044,4.459278,3.84950397063,49.3196979649,66.73457
2015-06-13 00:00:00,21.4263685255,3.989883,5.33274915949,67.0955058502,70.72527
2015-06-13 01:30:00,2.96817054244,2.7174,3.34792462374,7.42558321523,78.60067
2015-06-13 02:30:00,10.0947981618,3.224844,4.09917866915,12.8755980082,69.80546
2015-06-13 03:00:00,6.78693567628,2.754694,2.54894012166,14.4941969326,74.28899
2015-06-13 04:00:00,11.868348994,2.586161,5.12461547438,19.5222553095,74.31442
2015-06-13 04:30:00,13.5354454443,2.521444,5.44717217655,27.9513260655,75.17992
2015-06-13 05:00:00,12.1922590678,2.70865,4.65748627189,17.1279330433,72.96952
2015-06-13 06:30:00,5.7314985297,2.738083,3.93277233998,104.513967308,77.53586
2015-06-13 07:00:00,8.11784696506,2.873239,4.55446473519,99.8665446957,78.04749
2015-06-13 09:00:00,5.04387342404,2.948405,5.2782592252,75.8452177875,82.52175
2015-06-13 09:30:00,17.3280102142,3.629366,8.12448741998,104.784566173,78.46843
2015-06-13 10:00:00,13.3370723823,3.921622,6.67983331678,116.632918612,78.09004
2015-06-13 11:00:00,27.4965646181,5.101011,6.4849849707,212.887189242,72.68317
2015-06-13 11:30:00,38.993554772,5.486489,6.85820352434,231.007371665,72.03659
2015-06-13 12:00:00,18.3288385761,5.248522,4.75981364835,163.567393136,73.62822
2015-06-13 12:30:00,23.3754161349,5.2483,4.92218062637,93.1376986368,71.35799
2015-06-13 13:00:00,27.8335770461,4.939605,6.69238933707,75.5198567469,71.13728
2015-06-13 13:30:00,18.6267562035,4.299111,6.25658553568,80.6099588101,75.60548
2015-06-13 14:00:00,4.42279854537,3.3016,3.89646343701,68.3540128035,83.41835
2015-06-13 15:00:00,3.94470824611,1.770856,7.83275608717,88.5973970483,93.63791
2015-06-13 15:30:00,1.63277203094,1.715417,8.42019085966,123.432076402,94.17509
2015-06-13 16:00:00,2.23965311941,1.569322,8.53025034646,126.76242415,94.61102
2015-06-13 19:00:00,0.963039572747,1.4373,7.97276685437,77.6796348818,93.21706
2015-06-13 19:30:00,1.51092358521,1.231561,7.74266054057,55.9891631059,93.26806
2015-06-13 20:00:00,2.70666562464,1.486033,7.5081756508,59.6760519744,89.73963
2015-06-13 20:30:00,1.98966954916,1.472578,7.04924903749,27.4874002452,87.10661
2015-06-13 21:00:00,1.62811447899,1.362294,7.03841958403,3.54187815503,86.2293
2015-06-13 21:30:00,1.62090013346,1.344594,7.00952533734,4.21078202585,86.39177
2015-06-13 22:00:00,2.40920974101,1.529039,6.70423814221,3.9468951237,84.37499
2015-06-13 22:30:00,3.08450655192,1.584439,6.46339657831,-2.09731882441,83.78687
2015-06-13 23:00:00,1.47351921571,1.516911,6.75411520737,-2.59535410209,85.24068
2015-06-13 23:30:00,1.09958661319,1.470144,6.30890270607,1.94398024153,86.48099
2015-06-14 00:30:00,1.45962241183,1.375261,7.22649353488,-0.3413866987,86.89561
2015-06-14 01:00:00,0.632667312166,1.131828,7.07477142488,2.96301986107,88.73499
2015-06-14 01:30:00,0.728578191919,1.086339,6.15631309563,22.9947994951,90.90686
2015-06-14 02:00:00,0.973241873516,1.190922,6.84872493961,37.6705846248,91.49558
2015-06-14 02:30:00,1.6894970321,1.360089,6.92931848363,52.3252982552,90.15318
2015-06-14 03:00:00,1.78757691156,1.380722,7.47628312425,32.3635229059,87.75426
2015-06-14 04:00:00,3.38846276582,1.8833,7.1804187941,63.2756267278,85.79193
2015-06-14 04:30:00,1.97385575177,1.723789,6.55819636813,29.6228272243,86.24734
2015-06-14 05:00:00,2.59438224944,1.7786,6.18131542254,26.9631544963,85.6564
2015-06-14 06:30:00,0.293320623144,1.668433,5.71316631964,22.7118354779,90.65901
2015-06-14 07:30:00,0.925125243523,1.828511,6.28771113222,55.2453704472,91.67522
2015-06-14 08:00:00,1.44365063893,1.978828,6.32443630345,56.2573503393,91.37976
2015-06-14 08:30:00,1.46898060893,1.993356,6.85275795633,81.4337509212,91.53019
2015-06-14 09:30:00,4.35497886876,2.770022,8.52655244593,177.286384995,89.36176
2015-06-14 10:00:00,2.53609653237,2.674655,7.98473727974,126.654434177,89.39938
2015-06-14 10:30:00,2.48340217269,2.403378,8.2522173447,144.783382595,90.39555
2015-06-14 12:00:00,18.9076944018,4.734872,8.14926105388,502.60577121,85.36975
2015-06-14 12:30:00,22.7730860452,4.950778,8.59582906582,462.019830146,83.47253
2015-06-14 13:00:00,25.4364968803,5.353705,9.20695718964,431.513295127,81.70173
2015-06-14 13:30:00,16.1218172565,5.094306,8.96773276353,202.272028391,81.82779
2015-06-14 14:00:00,15.7187359854,5.115583,8.73197527591,203.858052331,81.13017
2015-06-14 14:30:00,8.35204136169,4.919305,9.30468210552,168.121226144,82.19674
2015-06-14 15:00:00,10.3669358747,4.984334,8.52020628561,220.058286411,83.13362
2015-06-14 15:30:00,9.43431473869,5.028972,8.51743105487,229.230021027,82.90508
2015-06-14 16:00:00,12.4403167939,5.193622,8.8166588907,199.806992846,82.69892
2015-06-14 16:30:00,14.9771247979,5.25495,10.026166994,266.146559974,83.35081
2015-06-14 17:00:00,10.6420888209,5.352733,9.98050674772,247.583619323,82.16192
2015-06-14 17:30:00,12.3350986069,5.39965,10.1072229063,197.453057451,80.43978
2015-06-14 18:00:00,11.6568844763,5.299472,9.43133161583,147.229906941,78.81032
2015-06-14 18:30:00,21.4701150189,5.479116,9.81434176713,176.004165112,76.48801
2015-06-14 19:00:00,9.68717514419,5.0574,9.93869114009,103.505696537,77.48544
2015-06-14 19:30:00,9.0467448905,4.761839,9.80417366729,121.833426489,78.9342
2015-06-14 20:00:00,11.0319117149,4.64415,9.19501042398,116.969418587,80.70764
2015-06-14 20:30:00,5.21759493316,4.497978,8.54442904278,88.4250805539,81.35869
2015-06-14 21:30:00,3.19951734169,4.060083,8.2573733373,44.8551425805,83.60172
2015-06-14 22:00:00,5.84910652635,4.011366,7.94276025459,43.8555027536,83.57074
2015-06-14 22:30:00,1.84215621196,4.014083,7.69692765201,56.7108459071,84.32569
2015-06-14 23:00:00,3.9524375925,4.03445,8.12430993651,73.2624877426,83.73356
2015-06-14 23:30:00,3.0258160124,3.9066,8.0074061327,55.8343622541,84.26121
2015-06-15 00:30:00,2.80665708254,3.631989,7.22931216436,38.8963927386,84.52206
2015-06-15 01:00:00,2.20118655528,3.577094,7.86827354425,33.277784875,85.35036
2015-06-15 02:00:00,1.62300075172,3.692605,6.41167372374,51.9532175733,85.28577
2015-06-15 02:30:00,4.99541230424,4.331428,7.58266677447,113.991005039,83.20174
2015-06-15 04:00:00,4.22745075571,3.573267,9.32486824588,84.8329768273,82.49551
2015-06-15 04:30:00,2.50106083949,3.461333,10.1725441905,96.7043128478,83.56512
2015-06-15 05:00:00,3.14846271402,3.264855,10.440781022,63.3742921364,85.10965
2015-06-15 05:30:00,3.0446864078,3.222167,9.75815453287,58.443799434,85.33499
2015-06-15 06:00:00,3.02138881059,3.186716,8.79130868495,79.9479730166,84.90748
2015-06-15 06:30:00,4.05314684864,3.526033,7.86219516388,120.953715661,83.21563
2015-06-15 07:00:00,6.49450644669,4.076872,8.86901730406,167.119653021,81.80779
2015-06-15 07:30:00,9.19881811192,4.337155,9.41019513045,216.243674036,81.1739
2015-06-15 08:00:00,15.1767304356,4.962328,8.81115268359,265.857617236,79.07491
2015-06-15 08:30:00,9.3688888579,4.783595,8.85550189442,153.122390317,79.19662
2015-06-15 09:00:00,10.4110976649,4.8456,6.43611555383,178.883847197,79.89017
2015-06-15 09:30:00,25.9608019369,5.459956,6.60700643836,315.352369349,78.58421
2015-06-15 10:00:00,12.9244684058,5.048461,7.00202002113,183.558773184,79.75057
2015-06-15 10:30:00,13.766164016,5.116183,7.67289039718,178.378095401,79.723
2015-06-15 11:00:00,18.9605547493,5.648794,8.13815285057,291.25666665,79.21254
2015-06-15 11:30:00,21.5304344755,6.108839,8.40148129333,421.270151589,79.7151
2015-06-15 12:00:00,23.593096014,6.064583,8.01901941347,306.88335726,79.727
2015-06-15 12:30:00,27.0301354468,6.226911,8.00077875707,346.884390731,80.79339
2015-06-15 13:00:00,17.5235614591,5.965677,7.39594270654,262.421349533,80.56764
2015-06-15 13:30:00,24.9536805416,6.332072,6.94880916668,273.514493453,79.92342
2015-06-15 14:00:00,29.2802832637,6.453544,7.01070016079,334.652882387,80.06125
2015-06-15 14:30:00,27.1685808273,6.321594,6.42766579552,271.886953645,79.82015
2015-06-15 15:30:00,33.1374137955,7.257561,6.71538657087,361.144127045,76.85281
2015-06-15 16:00:00,32.3411350734,7.316628,6.09569664594,281.018289579,76.0435
2015-06-15 18:00:00,28.2735562434,7.547322,5.0711030522,189.029988734,77.43322
2015-06-15 19:00:00,23.4287223015,7.634661,4.44246520494,145.593605417,75.02001
2015-06-15 21:30:00,9.50062371641,6.78651,2.86793495147,64.2972094797,78.71818
2015-06-15 22:00:00,12.4752640641,6.708289,2.99197623656,76.9588705505,79.47553
2015-06-16 01:00:00,0.284576479748,3.497666,2.52435117325,20.3174138863,94.32026
2015-06-16 05:00:00,1.86735929744,4.756839,0.571794495624,48.0218686268,90.41813
2015-06-16 05:30:00,2.94151322671,5.015133,0.822259269794,65.6942059927,90.35606
2015-06-16 06:00:00,2.90909132966,5.198566,0.707804310663,69.6876076159,89.73388
2015-06-16 06:30:00,3.07565805601,5.011716,1.15385878978,57.7550499561,89.45907
2015-06-16 07:00:00,2.26370853215,4.777633,1.2733843389,64.1965564932,90.70528
2015-06-16 08:00:00,4.38171723664,5.257644,1.59431903363,125.13339804,88.41102
2015-06-16 08:30:00,3.0514427655,4.9288,2.3054127228,88.8724661873,90.52633
2015-06-16 09:00:00,2.27648471291,4.606128,2.21329947176,90.9827877622,91.18338
2015-06-16 09:30:00,3.94721434584,4.640122,2.89819200727,125.19475423,91.98666
2015-06-16 10:00:00,2.97040848865,4.776927,2.32673497207,143.949289403,92.10246
2015-06-16 10:30:00,8.79709152629,5.030456,2.94347598442,184.366664426,90.52362
2015-06-16 11:00:00,5.84820179225,5.057477,3.16265170295,194.211045918,90.77474
2015-06-16 11:30:00,14.469867085,5.330505,3.20489802795,276.661703735,89.25964
2015-06-16 12:00:00,26.3525858395,5.903594,2.2299244206,386.608897001,87.18291
2015-06-16 12:30:00,39.2858371297,6.374238,2.65023260592,378.03088144,86.90096
2015-06-16 13:00:00,15.1143039762,6.060211,3.59658892368,267.194152138,89.4538
2015-06-16 14:30:00,5.57439246158,5.177622,4.70564344204,200.458570209,91.48686
2015-06-16 15:00:00,7.58439150925,5.362739,4.96631319672,250.370671109,91.64381
2015-06-16 15:30:00,7.05100074154,5.162967,5.34151857217,304.89050764,92.68665
2015-06-16 16:00:00,9.56041496478,5.506666,4.84685055412,255.89112467,91.28697
2015-06-16 16:30:00,17.818536493,5.800133,5.21291870699,320.298786659,90.35725
2015-06-16 17:00:00,16.3886067923,5.805105,5.01747462588,237.750641597,89.68687
2015-06-16 17:30:00,15.5963712595,5.780572,5.00181668453,261.488121222,88.58326
2015-06-16 18:00:00,16.1231199975,5.882694,4.64230066245,213.858380865,86.84077
2015-06-16 18:30:00,21.7712581753,6.011622,4.81691065369,218.85404019,86.08044
2015-06-16 19:30:00,7.90080456244,5.325605,5.66832548076,134.677983308,86.09499
2015-06-16 20:00:00,8.93598445453,5.4061,5.42703270646,119.129306099,85.31529
2015-06-16 21:00:00,7.17622099626,5.446661,4.21573781783,88.8342147684,83.47218
2015-06-16 22:30:00,11.036353092,5.256161,3.29345329713,42.7716674494,83.43134
2015-06-17 01:30:00,1.1934160947,3.671428,3.60564019002,28.1309714233,91.27586
2015-06-17 02:00:00,1.35633485711,3.698094,4.0492167289,23.8975680446,91.18961
2015-06-17 08:00:00,7.09180924682,4.377778,2.57832117425,112.562133953,86.25057
2015-06-17 08:30:00,10.495691882,4.704944,2.62531329999,179.233334422,84.79961
2015-06-17 09:00:00,13.2553078141,5.122844,2.81538308648,196.484389211,82.69198
2015-06-17 09:30:00,13.5933951242,5.419466,3.10066534015,200.337262879,81.10428
2015-06-17 10:00:00,18.2819664994,5.513906,3.23571834903,198.821064883,80.58354
2015-06-17 10:30:00,20.8512038868,5.674683,3.95431942003,202.606593461,80.25341
2015-06-17 11:00:00,15.3464755643,5.747438,4.43515832571,230.672494087,81.0154
2015-06-17 11:30:00,22.8808190481,5.787783,4.68478949827,247.057707151,81.93219
2015-06-17 12:00:00,27.1241356074,5.677956,5.52508355758,372.115674923,83.96855
2015-06-17 12:30:00,48.8553953471,6.312283,4.1136390295,405.963547167,79.47189
2015-06-17 13:00:00,48.8972464473,6.063594,3.87629735117,217.587122687,79.92095
2015-06-17 13:30:00,26.4738238568,6.079077,4.20194243145,198.181697318,80.18848
2015-06-17 14:00:00,32.6343723894,6.131717,3.56463447475,228.240836115,78.2606
2015-06-17 14:30:00,26.41891052,6.109777,2.90898020568,149.272974984,77.0574
2015-06-17 16:00:00,14.6810061671,5.653306,3.76181115742,101.572038529,81.38611
2015-06-17 17:00:00,7.41096124876,5.551922,4.47798658175,128.386837118,84.6291
2015-06-17 17:30:00,10.3305141183,5.622416,4.81584078322,142.983942672,83.51355
2015-06-17 18:00:00,9.38636684628,5.607189,4.35564654158,109.867927616,82.91415
2015-06-17 18:30:00,8.78101667501,5.533694,3.66228796705,75.6586526967,81.9455
2015-06-17 19:00:00,9.84134011506,5.602222,3.03572160873,82.53094703,80.75785
2015-06-17 19:30:00,8.50769469321,5.611156,3.40959512531,96.1109334341,81.81953
2015-06-17 20:00:00,7.79745029106,5.62015,3.03073800892,72.7952216434,81.05065
2015-06-17 21:00:00,9.42296940477,5.663061,3.41842761375,68.7692602902,76.63236
2015-06-17 21:30:00,8.10359867485,5.613216,2.67213484666,68.0903516783,77.33437
2015-06-17 22:00:00,9.41895840031,5.441861,2.6796987404,55.585118697,78.46548
2015-06-17 22:30:00,5.74897569277,5.264111,2.58823123937,48.2017838366,81.70992
2015-06-18 03:30:00,1.0353164297,4.030139,1.80424752436,16.0061168381,87.64433
2015-06-18 10:30:00,2.15757662471,4.189628,3.53154461824,96.7273414616,90.13102
2015-06-18 11:00:00,4.14662394899,4.409711,3.78261051969,113.872720365,90.2467
2015-06-18 11:30:00,2.7144576467,4.41705,3.93750717738,114.804397797,90.19683
2015-06-18 12:30:00,2.2782115734,4.4809,4.07117658312,99.4656984625,89.38611
2015-06-18 13:00:00,4.04836064244,4.530144,4.27786133326,138.652033767,89.59698
2015-06-18 14:00:00,3.72275082764,4.656161,4.07624732328,112.249822054,88.72565
2015-06-18 14:30:00,4.29613530597,4.631538,4.17059141641,129.246289484,90.06985
2015-06-18 15:00:00,4.74323117672,4.697817,3.69778875173,135.253970302,89.6132
2015-06-18 16:00:00,6.32677376457,4.851377,2.00930117536,124.445988736,84.84726
2015-06-18 17:00:00,14.8513560887,5.232283,2.3488198911,132.762775184,82.01091
2015-06-18 17:30:00,9.94127696212,5.093816,2.86082753866,107.963392332,81.56101
2015-06-18 19:00:00,6.2886931327,4.854589,3.78468080682,95.5243441325,82.05892
2015-06-18 20:00:00,6.62396800585,4.770444,3.43645019634,63.2282006475,81.87697
2015-06-19 02:00:00,1.58592959018,4.24795,3.54939900793,47.4729719437,87.00493
2015-06-19 07:30:00,15.4028397693,5.03485,2.77626612247,190.013838476,80.80936
2015-06-19 09:00:00,11.0083096679,4.821294,3.75029903764,167.317035581,82.9966
2015-06-19 09:30:00,11.6565586701,4.829988,3.83675092114,179.122407577,83.2506
2015-06-19 10:30:00,18.928645337,5.255339,3.87898476333,285.790317669,81.82586
2015-06-19 11:00:00,27.9564695811,5.48275,4.06763713132,357.660804179,80.74458
2015-06-19 11:30:00,36.9795293072,5.412983,4.41537692985,284.026438952,81.78075
2015-06-19 12:00:00,34.890612608,5.633983,4.16268822216,370.311684841,81.05546
2015-06-19 12:30:00,23.8671130806,5.5798,4.39806638297,247.391411785,81.68777
2015-06-19 13:00:00,15.0673549685,5.376644,4.31648407563,206.529878122,82.31411
2015-06-19 14:00:00,19.707091688,5.601394,4.33917660294,214.563548185,82.03316
2015-06-19 14:30:00,23.59193192,5.657955,4.26852659813,197.902703646,82.4242
2015-06-19 15:30:00,14.9424594107,5.507277,4.27566480778,165.731882315,82.29787
2015-06-19 16:00:00,14.0707107134,5.454211,4.30563329638,149.341545623,82.48872
2015-06-19 16:30:00,12.5815783647,5.401,4.34813475037,149.686311948,83.22291
2015-06-19 17:00:00,10.9726913023,5.333889,4.59076243772,154.492001969,83.46883
2015-06-19 17:30:00,8.91599629753,5.185044,4.46483583066,130.78008949,84.69705
2015-06-19 18:00:00,8.22326102915,5.159144,4.37130684828,133.709022814,84.36496
2015-06-19 20:00:00,4.53748040953,4.977567,3.63052782223,69.4782615781,84.48473
2015-06-19 20:30:00,5.3168978828,5.058133,3.26123856335,69.9474808767,83.66783
2015-06-19 21:00:00,4.99249656981,5.042378,3.57667631077,70.1384622707,83.69548
2015-06-19 21:30:00,6.8703002515,5.024294,3.36061294307,65.5309595174,83.2314
2015-06-20 00:00:00,3.50664297443,4.719322,3.40339361648,43.424391481,84.69813
2015-06-20 03:30:00,4.31344507585,4.679355,2.9447351144,90.064044884,87.49857
2015-06-20 04:00:00,4.28492114462,4.831733,3.04369224424,101.174594602,85.86636
2015-06-20 04:30:00,5.30808849856,4.905705,3.10517502898,108.559439301,85.34249
2015-06-20 06:00:00,5.66618772201,4.976227,3.1170839628,84.2867083951,84.25476
2015-06-20 08:00:00,22.5015126795,5.758778,3.35148099628,281.985541174,79.99171
2015-06-20 08:30:00,44.1612616663,6.217377,3.24212147836,371.898620481,78.02323
2015-06-20 09:00:00,43.5451856306,6.217438,3.24348935254,357.344992616,77.26965
2015-06-20 09:30:00,55.0111738136,6.313216,3.80768161349,376.036118097,77.83414
2015-06-20 10:00:00,46.3799818016,6.222966,4.40535375134,310.142952277,79.36781
2015-06-20 10:30:00,43.2478003323,6.206089,4.62911328522,420.924339714,78.44435
2015-06-20 11:00:00,60.3448868429,6.388244,4.77191822453,377.701745252,76.30756
2015-06-20 11:30:00,75.5734549189,6.598911,5.1104431749,447.231758254,75.31414
2015-06-20 12:30:00,31.2881928294,6.20156,4.84240367002,241.128257761,77.01392
2015-06-20 13:30:00,39.5672574042,6.238333,4.73331239088,255.236359489,76.23972
2015-06-20 14:00:00,63.2532705627,6.66055,4.48852382362,412.616012761,75.29718
2015-06-20 14:30:00,68.2941078907,6.874499,4.48814656287,394.614854226,75.0269
2015-06-20 15:00:00,68.346449652,6.841233,4.95763824689,400.001267269,75.91768
2015-06-20 15:30:00,66.8748400181,6.919144,4.75956220117,368.403788563,76.43176
2015-06-20 16:00:00,77.9338540692,7.091239,5.18558626482,417.839528943,75.42838
2015-06-20 16:30:00,57.6475319927,6.822317,5.51699642021,300.319186971,76.95055
2015-06-20 17:30:00,24.4349512399,6.263211,5.75881192604,201.197681716,77.71983
2015-06-20 18:00:00,24.3297850486,6.174072,5.44610722747,152.470399545,77.49818
2015-06-20 18:30:00,19.7318866124,6.104049,5.11900437838,120.21308104,76.92945
2015-06-20 19:00:00,22.7276186174,6.060322,5.10735484545,115.299778496,76.91782
2015-06-20 19:30:00,21.2426303459,6.10301,4.84100393811,106.807096298,76.7887
2015-06-20 20:00:00,26.1496747874,6.301394,4.56197359017,141.135099424,76.23733
2015-06-20 20:30:00,31.5492840153,6.17145,4.34444404692,90.7011691313,75.9947
2015-06-20 21:00:00,16.2565064069,6.007116,4.24389122908,68.3537317397,76.17566
2015-06-20 21:30:00,12.8197580863,5.925372,3.93002822986,58.9950145154,76.43967
2015-06-20 22:00:00,14.2855124849,5.88301,4.03827938366,59.9747546601,76.67857
2015-06-20 22:30:00,23.1368723892,6.170883,4.19413638482,81.9520948198,75.56863
2015-06-20 23:00:00,10.3618459631,5.740788,4.29635739541,38.3401495158,77.77577
2015-06-20 23:30:00,7.68703213392,5.598489,4.23262435607,33.2714776714,78.33367
2015-06-21 00:00:00,4.93994689693,5.43205,4.05249120713,27.5968053252,79.38738
2015-06-21 00:30:00,6.03313885441,5.202827,4.3823476157,20.3753402607,79.47859
2015-06-21 01:00:00,3.7960340793,5.031827,4.05431891682,19.7698124174,80.78678
2015-06-21 01:30:00,2.71807742464,4.809428,4.21750805308,24.7353487439,81.33342
2015-06-21 02:30:00,2.15309469521,4.59815,3.72847238711,10.6216833046,83.22334
2015-06-21 03:00:00,1.0941207935,4.5694,2.85146101865,11.0501842892,83.9789
2015-06-21 05:00:00,6.78645985894,4.959094,2.18912402728,37.7168314244,82.83437
2015-06-21 06:30:00,8.70012778306,5.337911,3.1011042284,86.8195067834,80.58139
2015-06-21 07:00:00,12.1670447559,5.4813,2.85902128079,98.9748583033,79.034
2015-06-21 07:30:00,15.1015403539,5.646394,2.77578865395,115.065740252,78.31068
2015-06-21 08:30:00,18.8493447492,5.957505,2.92560369255,168.137136762,76.33945
2015-06-21 09:00:00,16.2645266251,5.998127,3.27262673709,131.970699782,76.78162
2015-06-21 09:30:00,16.8771043863,6.039577,3.88590061428,172.546927321,77.86882
2015-06-21 10:00:00,22.2505234547,6.348755,3.8673405433,218.123099543,76.93032
2015-06-21 10:30:00,29.5273420753,6.569883,3.24420481073,247.021106328,75.52956
2015-06-21 11:00:00,31.809228226,6.723255,3.31691062585,250.887329754,75.20582
2015-06-21 11:30:00,28.0827688161,6.795238,3.54507033818,228.229187267,75.62469
2015-06-21 14:30:00,31.601503363,6.996216,4.29209974825,209.448862816,72.58229
2015-06-21 15:00:00,27.9458347531,6.669033,5.04849719711,185.810125768,75.40256
2015-06-21 15:30:00,25.1770462385,6.793661,4.7366906871,199.585880084,74.7534
2015-06-21 16:00:00,31.061581204,6.750488,4.42701121313,175.005035686,74.62437
2015-06-21 16:30:00,31.8643989738,6.644217,4.3268477479,134.949034334,74.50838
2015-06-21 17:30:00,20.6823993757,6.643827,3.9086026929,110.482260709,73.20899
2015-06-21 18:00:00,21.3499925285,6.562372,4.15857822408,100.79312456,74.05488
2015-06-21 18:30:00,13.390647559,6.443749,4.60222588274,91.9985577847,76.52378
2015-06-21 19:00:00,12.9449657032,6.322299,4.51570227359,85.5537683662,77.84169
2015-06-21 19:30:00,11.2733893738,6.254794,4.69563087022,83.1948466731,78.16366
2015-06-21 20:30:00,15.0955305936,6.555505,4.01274302808,84.332210196,75.8791
2015-06-21 21:00:00,12.9268925776,6.330605,4.55386276828,69.2323782142,77.52494
2015-06-21 21:30:00,7.80976005909,6.126894,4.57873967313,62.5777346564,79.05118
2015-06-21 22:00:00,11.1628674137,6.198333,4.05244219639,60.1454421238,77.48951
2015-06-21 22:30:00,9.38003153157,6.227839,3.65661486314,51.0705279989,77.17498
2015-06-21 23:00:00,9.31977012522,6.175961,3.72950727364,45.539470126,77.75035
2015-06-21 23:30:00,8.67701934609,6.268738,3.59577639741,48.8876265287,77.55592
2015-06-22 00:00:00,6.90658514706,6.233055,3.4852854564,45.7432731783,78.68065
2015-06-22 00:30:00,6.71845904432,6.084744,3.54906027545,43.1371532985,79.35393
2015-06-22 01:00:00,3.48214183834,6.009528,3.49490550706,41.3239464713,79.88859
2015-06-22 01:30:00,4.0179748722,6.020172,3.2425535206,45.1453999846,79.86153
2015-06-22 02:00:00,3.09752423114,5.72085,3.27740918877,19.1508061849,81.32141
2015-06-22 03:00:00,4.85151925234,5.809833,3.37585244466,40.4341563333,80.70014
2015-06-22 03:30:00,7.83770939871,6.147183,3.57520146971,69.2345410552,79.13486
2015-06-22 04:00:00,10.7136656592,6.221933,3.10596904047,98.6721514388,77.15969
2015-06-22 04:30:00,15.8519989541,6.542511,3.13553374468,116.478368571,75.63385
2015-06-22 05:00:00,6.62862930098,6.021027,3.11447648008,68.9851055955,79.37206
2015-06-22 05:30:00,4.9560265347,5.89806,3.68040012585,71.2071846378,80.65186
2015-06-22 06:00:00,9.70879364747,6.0895,4.1193558827,96.6414676572,78.95079
2015-06-22 06:30:00,27.810137955,6.812156,4.50037779924,223.49085333,75.44827
2015-06-22 07:00:00,25.6221282685,6.83521,4.39819666494,185.018349816,74.56371
2015-06-22 07:30:00,26.055646051,6.773478,4.06107231774,220.292687643,74.05717
2015-06-22 08:00:00,36.6269857771,7.093294,4.67492818605,295.846966692,72.33628
2015-06-22 09:00:00,19.9401032464,6.608883,3.91080526633,116.763381712,71.44753
2015-06-22 09:30:00,34.6471967347,6.892189,4.25433221706,210.94517228,71.6176
2015-06-22 10:30:00,60.2450682166,7.25145,5.00312245786,356.406262188,68.3665
2015-06-22 11:00:00,90.9818474789,7.587322,5.1917823952,460.302947802,71.16637
2015-06-22 11:30:00,77.816223492,7.615422,4.97889777779,423.462404287,70.69947
2015-06-22 12:00:00,91.5852791983,7.716511,4.86384503091,426.387152319,69.30865
2015-06-22 12:30:00,66.2112953127,7.657572,5.23706744678,430.045007521,71.70492
2015-06-22 13:00:00,60.4116664382,7.579439,5.41694610212,430.456783974,72.21709
2015-06-22 13:30:00,75.9006252828,7.7411,5.32966364506,419.495312551,71.49845
2015-06-22 14:00:00,92.1896069905,7.884144,5.69171832842,418.055400602,69.98551
2015-06-22 14:30:00,93.2937104895,8.043355,5.30021223318,408.02242518,68.90277
2015-06-22 15:00:00,66.7649405559,7.672766,5.44518153565,255.270248415,69.24503
2015-06-22 15:30:00,54.6668085434,7.644055,5.34239470153,198.418119427,69.82154
2015-06-22 16:00:00,64.5050874243,8.052644,5.47613900053,339.57362122,69.49252
2015-06-22 16:30:00,64.9449789155,8.074489,5.35345175083,272.669977425,68.81776
2015-06-22 17:00:00,63.7289987292,8.027805,5.10134422819,259.471857676,69.27103
2015-06-22 17:30:00,63.6150933031,8.183306,5.02309654722,266.600583809,68.53883
2015-06-22 18:30:00,50.4855021417,8.129383,5.6440204851,235.702101609,69.42949
2015-06-22 19:00:00,33.067860468,7.722222,5.62978600156,177.53291723,69.92783
2015-06-22 19:30:00,53.404397625,8.0225,5.37327535214,219.782336841,70.01487
2015-06-22 20:00:00,42.1024811437,7.570661,5.13802457981,136.161117129,71.48695
2015-06-22 20:30:00,35.7206105193,7.369605,5.03373226704,124.88397269,72.87754
2015-06-22 21:00:00,21.5617193372,7.197022,5.04515648868,102.467495262,75.78921
2015-06-22 21:30:00,20.1754542602,6.929122,5.16726683719,95.6775451289,76.76147
2015-06-22 22:00:00,14.8937718534,6.756522,5.17727494276,69.6367500652,76.95602
2015-06-23 09:30:00,7.74172725472,6.05191,4.02923304485,125.246279498,85.10719
2015-06-23 10:00:00,7.93503942818,6.186455,3.93091664385,168.384182626,84.35959
2015-06-23 12:00:00,7.65751179795,6.182472,3.36062316665,106.296315136,83.17467
2015-06-23 13:00:00,10.9621875765,6.821861,2.68000068336,149.010658998,77.71993
2015-06-23 13:30:00,20.0777003597,7.184283,3.15107915676,165.086775147,75.68168
2015-06-23 14:00:00,26.0542102843,7.416133,1.92339301407,163.624441148,72.68836
2015-06-23 15:00:00,89.8139384953,8.448094,3.45181986943,466.360587347,66.33501
2015-06-23 15:30:00,86.4631648597,8.095144,3.78820465733,250.210469114,66.88831
2015-06-23 16:00:00,103.099784615,8.407572,4.02766312548,388.223703888,66.26599
2015-06-23 16:30:00,31.7106028175,7.259888,4.14899361633,116.18489122,71.49232
2015-06-23 19:00:00,28.3788958504,6.963861,4.18210241818,140.860608945,75.41591
2015-06-23 20:00:00,17.0277634083,6.158461,4.72831120432,94.2403891353,77.86194
2015-06-23 22:00:00,18.0039558987,6.110933,2.68404711659,54.7707412148,70.00903
2015-06-23 22:30:00,18.6556709497,5.874833,3.23921949374,43.6579198595,71.42728
2015-06-23 23:00:00,14.5810629253,5.606033,3.76301101048,39.355480506,74.19198
2015-06-23 23:30:00,11.666968545,5.537011,3.59274582992,29.5957427382,74.06088
2015-06-24 00:30:00,8.06539970713,5.411278,3.1394418746,26.4202933287,75.77579
2015-06-24 01:00:00,6.91604009917,5.181155,3.45867761015,19.0935956063,77.36166
2015-06-24 02:30:00,9.12024213394,5.330266,3.4466481039,19.7008893087,73.74426
2015-06-24 03:00:00,8.74204337025,5.344011,2.96444520227,30.3568723739,75.98226
2015-06-24 03:30:00,7.3773556266,5.263433,4.1278895321,40.9145157381,78.29626
2015-06-24 04:00:00,7.36992623322,5.357244,3.64845530586,46.9913223518,78.7718
2015-06-24 04:30:00,8.43019339239,5.107705,3.35920178698,45.5726856335,80.09548
2015-06-24 05:00:00,12.8108009388,5.072177,1.98314262774,33.3344050622,80.08822
2015-06-24 05:30:00,8.49434704141,5.2916,1.97750100516,39.6510128351,79.49672
2015-06-24 06:30:00,6.62090428964,5.463794,0.940298631938,42.1695675169,80.28552
2015-06-24 07:00:00,7.46069120616,5.695883,1.90976100439,52.6368204267,78.64157
2015-06-24 08:00:00,3.91585940347,4.876489,5.4010745729,64.5707129563,87.74541
2015-06-24 08:30:00,2.89036044114,4.829383,4.91457017482,68.4057515738,88.63561
2015-06-24 09:00:00,5.03754959101,4.9567,4.82291755147,82.3498645473,88.20315
2015-06-24 09:30:00,5.14450078377,4.92355,4.70968991773,70.6006199706,88.44827
2015-06-24 10:00:00,8.70726991911,5.050838,4.48529797023,95.0543168702,87.53902
2015-06-24 11:00:00,9.67778882769,5.116278,5.14978776851,163.251047759,89.56056
2015-06-24 11:30:00,3.05382691756,4.962706,5.43359227936,147.63502539,92.04691
2015-06-24 12:00:00,10.5818309544,4.922855,5.50684854073,128.849542344,91.45326
2015-06-24 12:30:00,9.04488337027,5.097816,5.39961833087,113.429408032,89.03751
2015-06-24 13:00:00,1.99558716569,4.976417,5.54286744778,79.9933414668,88.12122
2015-06-24 13:30:00,12.5236774086,5.003,4.71514915913,70.5837160356,85.61147
2015-06-24 14:30:00,9.12171629899,5.007216,4.15595704433,75.4297206919,84.50945
2015-06-24 15:00:00,8.66170797458,4.958994,4.36902987403,78.1857293859,83.83577
2015-06-24 15:30:00,6.86061419788,4.988067,4.47740695551,95.9338543288,85.88575
2015-06-24 16:00:00,8.04973275375,5.055289,4.30842069056,104.75898593,85.98035
2015-06-24 16:30:00,7.80965978486,4.950083,4.28750128273,76.9973916705,85.91749
2015-06-24 17:00:00,6.4647564114,4.863417,4.64255750242,71.8495600841,86.50838
2015-06-24 17:30:00,5.24482506025,4.731778,4.79919410473,61.2127900099,87.22625
2015-06-24 18:00:00,3.95465728913,4.678189,4.46190317074,65.6760297151,86.9389
2015-06-24 18:30:00,6.12708326382,4.759633,4.2193972855,70.5645192451,86.78966
2015-06-24 19:00:00,5.93574567239,4.869983,3.64818960087,67.059264908,86.94133
2015-06-24 19:30:00,5.36677041215,4.7679,4.25525833908,75.5429112124,88.85294
2015-06-24 21:00:00,6.21076406574,4.649672,3.5169163033,66.5095443823,86.06729
2015-06-24 21:30:00,6.1799513696,4.67565,3.1276123242,65.5608165632,85.42322
2015-06-24 22:30:00,5.16174969204,4.687616,3.64459428323,58.7345833539,84.46575
2015-06-24 23:30:00,5.74458063118,4.562683,3.10297543882,40.235677817,84.78914
2015-06-25 01:00:00,4.7110750034,4.354189,1.59777972999,36.6730143237,88.07693
2015-06-25 02:00:00,2.76774174363,4.291222,2.43946705726,41.4171302063,88.75406
2015-06-25 04:00:00,9.77671976851,4.424605,1.69861699518,74.9191172516,88.0088
2015-06-25 07:30:00,17.8695789692,4.5083,1.86652906644,194.417244202,89.06983
2015-06-25 08:00:00,34.4708755672,5.089733,1.74323963203,271.756378652,86.50715
2015-06-25 08:30:00,40.2889752499,5.370667,1.79975941686,263.277704832,84.90203
2015-06-25 09:00:00,18.0048553465,5.031055,1.73034154764,102.645166438,84.83884
2015-06-25 09:30:00,15.5100817135,4.872666,1.97070593678,122.507853416,85.36208
2015-06-25 10:00:00,29.1089700416,5.2436,2.97747647713,216.049106429,85.07569
2015-06-25 10:30:00,23.055971788,5.029889,3.02520701539,131.545247164,84.58289
2015-06-25 11:00:00,38.7292586573,5.267472,2.82765731379,241.04018497,83.76714
2015-06-25 11:30:00,50.9741210537,5.954144,3.32366797175,335.938433184,81.08149
2015-06-25 12:00:00,53.4044887008,5.979266,3.53439610863,419.605963727,80.33896
2015-06-25 12:30:00,32.4395723823,5.797511,4.2576793359,263.712747219,81.10225
2015-06-25 13:00:00,41.2371360592,5.864995,4.23818367991,265.460897131,81.04379
2015-06-25 13:30:00,59.5972319669,6.230811,4.41776189349,374.160688016,79.12643
2015-06-25 15:00:00,43.5023317849,6.364861,4.76041540659,324.396021968,77.05716
2015-06-25 15:30:00,29.5322738745,6.073967,4.55024673676,222.758163772,77.80151
2015-06-25 16:00:00,32.778004197,6.195005,4.33320236027,224.058564531,77.3884
2015-06-25 16:30:00,41.726264711,6.315505,4.6251331537,253.408029421,76.59153
2015-06-25 17:00:00,33.2540779993,6.066105,4.69158597184,180.145282544,76.93933
2015-06-25 17:30:00,32.7358780778,6.121555,4.46421450222,191.516795552,76.25893
2015-06-25 18:00:00,25.6218576783,6.042833,4.40815315434,177.807096047,76.26959
2015-06-25 19:00:00,18.3168743746,5.739916,4.48060685034,137.663772237,78.82362
2015-06-25 19:30:00,12.0500322159,5.488028,4.42128073539,103.35199554,80.50938
2015-06-25 20:00:00,10.8642603038,5.411983,4.35533593006,95.4317518294,81.47512
2015-06-25 20:30:00,12.6833444296,5.454428,4.16687844249,98.284429904,81.03385
2015-06-25 23:30:00,4.481409979,4.994294,2.62796646102,26.7023461165,82.84122
2015-06-26 00:00:00,3.86453623039,4.9238,2.93398979159,19.4492521369,83.42584
2015-06-26 00:30:00,4.23630069368,4.752211,2.9498110539,18.8977641852,84.47464
2015-06-26 01:00:00,2.29038379088,4.601572,3.1512488818,23.3141726964,85.59158
2015-06-26 01:30:00,5.28977722487,4.544506,3.07316082738,33.8366530833,84.30047
2015-06-26 02:00:00,6.4056042224,4.59915,3.02830536101,42.2110206,84.21284
2015-06-26 02:30:00,6.93869353524,4.696183,2.78729833161,51.2810554268,84.87286
2015-06-26 04:00:00,7.27893194536,4.635705,1.86854283105,55.655012433,83.75287
2015-06-26 04:30:00,10.3056981014,4.745239,1.4568632534,47.5826861621,82.68157
2015-06-26 05:30:00,15.1546543427,5.002044,2.06216226451,102.539530098,80.9684
2015-06-26 06:00:00,16.4063061235,4.938139,1.52424740001,93.6617017407,80.55501
2015-06-26 06:30:00,20.7433935849,5.201077,1.2273462753,137.972191348,78.82457
2015-06-26 08:00:00,9.08248814429,4.122133,1.68505020302,80.4388136833,86.23757
2015-06-26 09:00:00,12.8624131694,4.7665,1.12972088835,151.296126665,84.83801
2015-06-26 10:00:00,30.9839488343,5.265511,2.29370190338,181.330248157,80.7903
2015-06-26 10:30:00,19.2826931327,4.998755,2.69422544268,129.056206006,82.71651
2015-06-26 11:00:00,18.2205627823,5.033933,3.39446168552,116.548031908,81.90704
2015-06-26 11:30:00,22.0260742525,4.966433,3.25053579851,145.319816418,82.66546
2015-06-26 12:00:00,26.3309104505,5.274833,3.15926532358,253.98360667,82.14123
2015-06-26 12:30:00,39.4831029661,5.512128,2.56996891843,254.337802334,78.48165
2015-06-26 13:00:00,42.1090368185,5.807394,2.31744607723,314.719373028,77.93639
2015-06-26 13:30:00,25.9608668561,5.625922,2.75830985953,155.154328882,78.65556
2015-06-26 14:00:00,26.5413020864,5.628733,4.41967406468,163.584238936,80.36549
2015-06-26 14:30:00,21.5268798862,5.323349,5.85657065744,140.988828153,82.8132
2015-06-26 15:00:00,16.6677940915,5.101572,5.60064366171,166.156345303,84.29865
2015-06-26 15:30:00,18.7002347765,5.406838,5.04168685071,153.293670337,82.00851
2015-06-26 16:00:00,13.719369615,5.2442,5.8661728894,91.7057170435,82.2609
2015-06-26 16:30:00,15.8031239999,5.158978,5.10046426461,94.2492394191,81.86292
2015-06-26 17:00:00,12.904274683,5.046744,5.22445985297,99.6355754837,81.13179
2015-06-26 17:30:00,16.2773272953,5.186155,4.0994794712,89.9169264305,79.63962
2015-06-26 18:00:00,13.8513991454,5.323205,3.80351886664,102.363190521,80.38864
2015-06-26 18:30:00,9.26236675397,5.153222,4.45519906491,88.6473065099,83.29001
2015-06-26 19:00:00,11.5634297386,5.155266,4.50163741347,86.945199906,82.75809
2015-06-26 19:30:00,13.7845345966,5.179728,4.82803111857,109.417792154,82.11019
2015-06-26 20:00:00,10.8187204627,4.907311,4.55029958586,73.0910484294,84.30101
2015-06-26 20:30:00,4.69731617574,4.578661,4.3310650965,42.5609301407,88.48891
2015-06-26 21:00:00,2.78452860613,4.616983,3.5094864431,84.216069552,90.95528
2015-06-27 01:30:00,1.85191322411,4.330866,2.5922861016,17.0249112624,92.69077
2015-06-27 02:30:00,1.70989645641,4.3046,3.08153429557,32.8189414355,95.22124
2015-06-27 03:00:00,3.43881736586,4.473111,3.22126160135,30.0016772033,94.62862
2015-06-27 04:00:00,1.08722517027,4.5044,3.16338814896,41.5804213114,95.26221
2015-06-27 04:30:00,1.25513713326,4.4852,2.76437885616,33.6505697412,95.21109
2015-06-27 05:30:00,0.557134304808,4.337394,2.72192615634,34.1704684529,95.75111
2015-06-27 11:00:00,9.5326616933,4.920811,2.85033156928,123.846012338,88.74291
2015-06-27 14:30:00,9.66787831986,5.292317,2.97488307112,77.1160230029,87.86728
2015-06-27 15:30:00,6.47467999123,5.380778,0.872944972759,73.3329825029,88.62767
2015-06-27 16:00:00,4.54859082698,5.205611,1.92671732977,73.8490522476,91.89449
2015-06-27 16:30:00,4.17161642704,5.067444,1.85710864311,94.3555798267,93.65938
2015-06-27 17:00:00,10.3454529054,5.37505,1.16031676604,135.693230268,93.29294
2015-06-27 17:30:00,21.1176817675,5.61885,1.58164848096,121.742617151,90.15534
2015-06-27 19:30:00,3.92135140682,5.287278,2.75737288077,62.2373903866,92.85691
2015-06-27 22:30:00,5.14640398458,4.205167,5.44544956341,57.1493710385,90.21461
2015-06-27 23:00:00,2.48724852739,3.787983,5.54116012094,36.2095321639,90.98985
2015-06-27 23:30:00,1.50996898691,3.331428,6.15346720201,32.751571996,91.7701
2015-06-28 00:00:00,2.66244948756,3.047727,6.69791770615,29.0022640785,91.64548
2015-06-28 00:30:00,3.68955842226,2.854517,6.99205750702,24.8411451966,90.95715
2015-06-28 01:00:00,1.61715897711,2.762272,7.13449423529,29.606382721,90.80327
2015-06-28 01:30:00,2.81867173453,2.734694,7.14626614472,34.0098408738,90.28849
2015-06-28 02:30:00,2.31394134553,2.853883,6.85527214215,42.9689049755,88.08292
2015-06-28 03:00:00,8.46407567708,2.847477,7.09595041278,47.8340190323,86.77106
2015-06-28 03:30:00,7.00886441491,3.030661,6.76365451672,51.8100976038,84.46735
2015-06-28 04:00:00,9.83140913373,3.14475,6.97679801996,52.4282518392,82.9901
2015-06-28 04:30:00,8.90323731123,3.106594,7.04338799486,50.6280498602,82.05958
2015-06-28 05:00:00,9.25260582439,3.052733,6.99976277914,60.4089883514,82.22103
2015-06-28 05:30:00,7.98123032173,3.080711,6.90589930995,71.6205798099,82.18446
2015-06-28 06:00:00,14.0181287338,3.142939,7.30206343222,81.3654325741,80.91593
2015-06-28 06:30:00,14.4208547169,3.141689,7.49930032009,87.9350449479,80.89543
2015-06-28 07:00:00,11.3938352438,3.158916,7.46085431795,94.5133455727,80.22428
2015-06-28 07:30:00,12.0956279985,3.238105,7.29260847225,123.302098322,79.61837
2015-06-28 08:00:00,17.7659709971,3.279767,6.96567306833,127.028057722,78.73891
2015-06-28 08:30:00,12.2993768102,3.331144,6.80283338847,125.214844595,79.01128
2015-06-28 09:00:00,14.7016720701,3.273405,7.07139953902,132.708655296,78.63972
2015-06-28 09:30:00,18.4994846395,3.383183,6.93047001178,164.978933408,78.12238
2015-06-28 10:00:00,18.0785243868,3.400972,7.06425912334,165.796155459,78.40778
2015-06-28 10:30:00,20.9983121179,3.4691,7.16273245413,180.340569018,77.83636
2015-06-28 11:00:00,24.824336456,3.553183,7.44517962115,205.429643509,77.67211
2015-06-28 11:30:00,22.9478570424,3.582561,7.0409795212,162.590135472,77.50272
2015-06-28 12:00:00,16.646403874,3.508072,6.87673800316,149.457896995,77.63605
2015-06-28 12:30:00,19.6194146452,3.546839,7.1595088906,153.922283542,77.59515
2015-06-28 13:00:00,23.2137435565,3.583433,7.2011711173,171.602334845,77.23502
2015-06-28 13:30:00,16.1039418908,3.535644,7.0527371341,164.546775975,76.98937
2015-06-28 14:00:00,19.7021304295,3.688194,6.82919045579,176.097327623,76.35735
2015-06-28 14:30:00,36.2386340573,3.799572,6.76901645714,184.857716891,74.9443
2015-06-28 15:00:00,39.5398979781,3.904639,6.51013011739,195.174298056,73.19274
2015-06-28 15:30:00,37.5114556915,4.027683,6.48839977756,207.954071164,72.685
2015-06-28 16:00:00,33.0126845484,3.83075,6.24177926081,148.305659237,72.71953
2015-06-28 16:30:00,34.9019874904,3.790478,6.03387489995,136.326266002,73.05619
2015-06-28 17:00:00,25.0568015799,3.593805,6.07765938666,122.84020721,74.87204
2015-06-28 17:30:00,21.184922415,3.460311,5.97414999058,109.162802966,75.24571
2015-06-28 18:00:00,18.9182460403,3.414305,6.43184020823,142.304538203,75.66507
2015-06-28 18:30:00,24.80248879,3.278694,6.31960308793,109.112687048,75.75282
2015-06-28 19:00:00,17.402780576,2.818639,6.63641578375,62.7824245059,76.59408
2015-06-28 19:30:00,13.3060041593,2.506106,6.31104316048,50.0390309376,77.7829
2015-06-28 20:00:00,10.1566483328,2.280622,6.03340409834,42.4201480733,77.84778
2015-06-28 20:30:00,11.7786932677,2.040022,5.48756843119,26.6233355168,77.62758
2015-06-28 21:00:00,13.8414802892,2.044372,5.24998035564,30.4494672447,76.31491
2015-06-28 22:00:00,10.9889599313,2.300033,4.3606522206,45.4192907167,74.18871
2015-06-28 22:30:00,15.7696393051,2.647322,4.65389265503,69.4900303504,73.02305
2015-06-28 23:00:00,16.2970179038,2.313555,4.87932250921,48.3394797385,74.20253
2015-06-28 23:30:00,10.1281575195,2.118922,4.55860461147,18.5817148293,73.34782
2015-06-29 00:00:00,6.45018857114,1.842239,4.68017278346,-0.593616879654,76.46777
2015-06-29 00:30:00,9.0708863198,1.906283,4.76752655519,29.5043227953,76.19629
2015-06-29 01:00:00,12.7562581549,1.974983,4.91765973347,45.1115166959,76.50031
2015-06-29 01:30:00,9.25362120798,1.907267,4.7358734878,39.1936225739,77.56188
2015-06-29 02:00:00,9.08510378519,1.818028,4.38749996967,23.0169427015,77.32045
2015-06-29 02:30:00,6.60287131405,1.617172,4.65256096003,22.1053886824,77.08009
2015-06-29 03:00:00,9.663528006,1.642628,4.24310879941,33.3241402454,77.50008
2015-06-29 04:00:00,8.00842251179,1.765161,4.34156235198,27.1113529895,74.76334
2015-06-29 04:30:00,9.0726863242,1.780217,4.34427861215,39.2231174074,75.46716
2015-06-29 05:00:00,13.508372199,1.919244,4.60042635071,64.5682709803,75.37188
2015-06-29 05:30:00,16.1419803608,1.980983,5.61447725483,85.1264828188,74.99278
2015-06-29 06:00:00,14.9219066747,2.03255,4.99781217135,63.9434970712,73.87861
2015-06-29 06:30:00,20.4476373104,2.098472,5.83398713681,95.9669023045,73.82394
2015-06-29 07:00:00,31.3575631238,2.481372,5.67493536854,137.784325444,71.52662
2015-06-29 08:00:00,30.9214685233,2.342489,5.34369045438,118.211152593,70.51681
2015-06-29 08:30:00,27.1838872649,2.426489,4.80767787726,109.367540702,69.53291
2015-06-29 09:00:00,22.7800669948,2.534705,4.52760227927,115.1695051,68.05567
2015-06-29 09:30:00,23.9620616533,2.713833,4.15860644678,120.595103664,68.14842
2015-06-29 10:00:00,31.6983184522,2.829089,3.90251668847,128.124881834,67.93468
2015-06-29 10:30:00,28.3120058735,2.920866,3.50824020822,126.976887955,67.45135
2015-06-29 11:30:00,24.0611277506,3.213911,1.99648689889,119.78079918,65.73528
2015-06-29 12:00:00,25.4458896927,3.523689,0.91166788117,118.404663827,63.85886
2015-06-29 12:30:00,31.4734559853,3.5749,1.2200370414,110.210744472,64.31924
2015-06-29 13:00:00,21.424457125,3.482194,0.901419975335,110.416515361,64.69668
2015-06-29 13:30:00,32.2453006548,3.240494,3.05180786374,121.037038059,68.88561
2015-06-29 15:00:00,23.1502076322,3.536855,4.0821338416,123.559315111,72.7748
2015-06-29 15:30:00,25.6078205741,3.4902,4.47480181897,137.48126632,74.01842
2015-06-29 16:00:00,30.894628392,3.642777,4.48856570634,168.462222078,73.9425
2015-06-29 16:30:00,35.140273177,3.917983,4.2160878308,183.650274544,74.73005
2015-06-29 17:00:00,20.3289401213,3.839889,4.84056113084,164.139973793,76.7262
2015-06-29 17:30:00,20.4908987519,3.887689,5.03363750088,168.868460444,78.01332
2015-06-29 19:00:00,29.6798958491,4.301411,4.86653336355,130.114754366,73.26494
2015-06-29 20:30:00,15.8701993683,3.912378,4.38428001192,51.6039292417,76.11024
2015-06-29 21:00:00,11.0771069742,3.829883,4.35961000076,26.3256020143,74.97218
2015-06-29 21:30:00,12.7363140187,3.910378,3.57554008271,31.6802432805,71.54774
2015-06-29 22:30:00,10.577098585,4.135061,2.8312514981,33.0887359225,69.96375
2015-06-30 00:00:00,3.72228186299,3.750183,2.76561309323,-2.51522954211,74.23647
2015-06-30 00:30:00,8.92848187691,3.986378,2.66734729058,24.0311079011,75.6201
2015-06-30 01:00:00,9.69327216382,3.981783,2.31995754004,16.7005252641,74.63783
2015-06-30 01:30:00,14.0981481389,4.098556,2.03342299687,39.6479872015,70.99322
2015-06-30 06:30:00,10.9112294642,4.699344,3.98206898681,97.5215741181,74.76018
2015-06-30 07:00:00,10.7178159905,4.493661,4.15404235743,75.2018457623,76.25124
2015-06-30 07:30:00,14.3606304446,4.239717,4.24182132312,79.5672174974,77.84321
2015-06-30 09:00:00,12.0246972148,4.385911,3.84514005408,164.346610493,82.07384
2015-06-30 09:30:00,16.1296854893,4.568239,3.3678286233,124.98994334,80.89178
2015-06-30 11:30:00,17.1597809252,5.585339,3.10766169618,143.976671699,76.52975
2015-06-30 12:00:00,39.1245837608,6.053361,0.938185590743,182.385699601,71.8333
2015-06-30 12:30:00,56.6826786676,6.726977,0.983887256894,197.390116604,67.25391
2015-06-30 13:00:00,36.0265518917,6.989122,1.18678713992,177.604336469,66.54687
2015-06-30 13:30:00,41.3193159565,7.142138,0.800210188107,184.646776504,66.94889
2015-06-30 14:00:00,56.9662303074,7.121266,3.26434304169,269.784504322,70.92476
2015-06-30 14:30:00,84.4449227768,8.037572,2.94389782281,369.421152715,66.61382
2015-06-30 15:30:00,70.0415357884,7.67315,3.96082385785,298.660584474,66.51595
2015-06-30 16:00:00,80.0970760806,7.93865,4.46068421065,317.894316643,65.50487
2015-06-30 16:30:00,56.7178496081,8.184606,3.74649670737,310.115505448,63.26796
2015-06-30 17:30:00,80.4147805616,8.859622,2.793730044,340.966124915,57.72322
2015-06-30 19:30:00,52.2040288947,9.100389,1.28669730791,195.812258112,55.09325
2015-06-30 21:30:00,25.8556815554,7.68695,2.35404515572,102.416810966,68.98455
2015-06-30 22:00:00,47.9561268906,8.594439,1.48443077407,121.382493,63.01586
2015-06-30 22:30:00,39.8304220064,9.449461,0.594372912989,68.0882084504,57.55028
