,LE,T_air,P_air,RH_air,wind_speed,wind_dir,Enet,ground_heat_flux
2015-06-01 08:30:00,14.2144411253,2.325161,1016.879,80.66074,4.77236609665,107.143310971,348.956593962,13.66815
2015-06-01 09:00:00,19.2777943619,2.337333,1016.794,81.91886,5.30532419763,105.781836199,351.893542537,15.08879
2015-06-01 09:30:00,15.6171396362,2.172278,1016.808,82.21066,6.06170103142,104.992899424,411.856761949,16.15566
2015-06-01 10:00:00,13.8757631883,1.998183,1016.796,81.75561,6.34128420821,104.451851501,304.556982401,16.5431
2015-06-01 10:30:00,20.2149107424,2.332133,1016.831,80.23505,6.02644584074,106.67325554,385.062729567,16.0146
2015-06-01 11:00:00,18.3246724772,2.285856,1016.791,79.27924,5.86981185538,109.395171844,348.926912369,15.46725
2015-06-01 11:30:00,21.7509845806,2.399928,1016.658,78.11698,5.6903919682,114.151932738,315.868653121,15.23594
2015-06-01 12:00:00,23.2559647759,2.61155,1016.604,77.09232,5.78044225626,116.509668951,453.747228219,15.00138
2015-06-01 14:00:00,44.1627594914,3.274994,1016.279,73.93464,5.36150636171,117.064694139,442.899070876,16.70456
2015-06-01 14:30:00,50.3156495162,3.387878,1016.175,74.23245,5.3709371523,114.562052021,430.218522569,17.46106
2015-06-01 15:00:00,49.601524913,3.424983,1016.052,73.84484,5.63551717828,115.279466828,412.723837796,18.08705
2015-06-01 15:30:00,36.7099950381,3.1974,1016.094,74.60571,5.47826676628,125.755847444,391.471974608,18.33591
2015-06-01 16:30:00,37.8512626375,3.124455,1015.843,73.63334,6.33118942932,120.957485424,340.363506631,18.45796
2015-06-01 17:00:00,40.1494043093,3.028333,1015.705,73.91231,5.77186325411,124.744734109,309.982354957,17.98755
2015-06-01 17:30:00,43.176202924,3.164711,1015.464,72.22766,6.33443402078,117.143435685,283.722701295,17.87678
2015-06-01 18:30:00,30.1913915034,2.900039,1015.21,73.9781,5.89849404688,127.163673733,222.386912678,16.42884
2015-06-01 21:00:00,12.0632419329,2.839611,1014.527,78.21737,5.78108402095,122.964784915,128.440050253,12.41324
2015-06-02 07:00:00,3.56988760649,2.130144,1011.68,83.115,5.9396167456,117.603921062,58.0395562477,5.123531
2015-06-02 07:30:00,2.54823901325,2.226311,1011.573,81.87222,5.31616274939,112.721134966,71.342356949,4.966626
2015-06-02 08:00:00,4.49281122502,2.194494,1011.325,81.50893,6.52955265315,103.783914221,83.3913757807,5.023713
2015-06-02 08:30:00,6.60622801371,2.033589,1011.27,82.18566,7.27032827463,100.382393943,95.6787897054,5.158172
2015-06-02 09:00:00,6.79794902049,1.975133,1011.189,80.51441,7.87547699021,99.6121818579,130.674724703,5.233558
2015-06-02 09:30:00,8.70980084241,2.170328,1010.851,78.5788,7.36735478484,102.869906657,162.010058517,5.352642
2015-06-02 10:30:00,21.4249027292,2.879144,1010.432,77.09708,6.95309063975,106.605994096,298.631112247,6.550692
2015-06-02 11:00:00,9.99464793205,2.278816,1010.367,79.68474,8.00274842249,101.167213179,183.664287546,8.825595
2015-06-02 11:30:00,23.0529410948,2.658716,1010.149,78.53818,7.31137358697,104.920993539,271.057404631,8.994299
2015-06-02 12:00:00,17.3248780786,2.638522,1009.924,79.50974,8.08223918703,112.366379135,322.195021666,8.734785
2015-06-02 12:30:00,13.425975765,2.305433,1009.681,80.7049,8.07381792097,114.124952753,242.779141014,9.630427
2015-06-02 13:00:00,12.4261801636,2.181411,1009.592,81.52723,8.50479761402,110.844414945,216.044284408,9.999777
2015-06-02 13:30:00,12.6430707304,2.187994,1009.652,80.86813,8.216617096,103.783362536,187.894059561,9.875584
2015-06-02 14:00:00,14.6550830368,2.12835,1009.787,79.64967,8.33966306556,96.9974771299,299.135712905,9.329055
2015-06-02 14:30:00,17.9192415895,1.783511,1009.755,79.9442,8.58355086243,100.252345034,196.404838475,9.589202
2015-06-02 15:30:00,12.3017644545,1.369594,1009.458,80.13515,8.96367326454,97.0331437299,211.969905737,8.568445
2015-06-02 16:00:00,21.0955377231,2.104461,1009.016,79.20422,8.44348960474,102.884301175,500.806777532,7.523068
2015-06-02 16:30:00,24.9479957968,2.236072,1008.861,78.94983,8.46249878805,102.535717021,422.011187043,8.937893
2015-06-02 17:00:00,26.1750369652,2.174366,1008.546,78.06651,7.37744170672,111.825824985,267.724379077,11.05335
2015-06-02 17:30:00,13.904771554,2.208439,1008.423,76.72526,7.33202842589,101.145419886,270.470444536,11.39782
2015-06-02 18:00:00,20.581831771,2.059817,1008.192,77.7239,7.07714530114,110.780672087,192.905172222,10.95605
2015-06-02 18:30:00,10.902818131,1.808922,1007.961,79.97919,6.98531985865,114.183370147,136.967947022,10.98683
2015-06-02 19:30:00,8.4522347657,1.6548,1007.495,79.67406,6.28111076679,114.423283052,87.0126190587,9.210992
2015-06-02 20:00:00,10.2969995024,1.669161,1007.171,80.11661,5.71541937822,111.404565815,81.2815493558,8.17417
2015-06-02 20:30:00,8.96799848978,1.684183,1006.892,80.29221,5.49004859217,109.967226519,78.5665716758,7.367984
2015-06-02 21:00:00,9.41039833028,1.506139,1006.772,79.84283,5.86514096349,100.330876238,66.8705510638,6.932609
2015-06-02 21:30:00,7.49191685728,1.314461,1006.551,79.01122,6.02013936782,100.505811519,52.0815519536,6.580173
2015-06-02 22:00:00,6.16466162255,1.124528,1006.369,78.93546,6.09063155765,103.161532998,41.3737523432,5.763508
2015-06-02 22:30:00,6.66940228095,0.8082944,1006.155,78.60478,6.53795460869,102.182342746,42.3884821315,5.122928
2015-06-03 00:00:00,3.85402975962,0.9239721,1005.362,76.65178,4.25014320261,110.197824316,3.83064672474,4.634496
2015-06-03 02:00:00,3.57493860371,0.2679166,1004.384,79.73442,4.13602123114,113.06633134,49.4454276072,2.988758
2015-06-03 02:30:00,4.34608205215,0.4345889,1004.068,80.63579,3.81028450925,104.973852609,54.1732943072,2.765364
2015-06-03 04:30:00,5.39792159899,0.7854111,1002.762,77.82481,1.55170889804,90.1333881498,75.7659708749,2.738016
2015-06-03 05:00:00,11.638961931,1.268628,1002.484,73.21292,0.545031204356,66.4272401132,116.691388952,3.62531
2015-06-03 05:30:00,11.5556374158,0.9653277,1002.015,76.02959,1.11961125742,336.691588379,125.580593663,5.147447
2015-06-03 06:00:00,11.6365979099,0.9054833,1001.683,77.53785,1.23029989567,330.889529512,136.36439648,6.404435
2015-06-03 06:30:00,12.280226619,1.077539,1001.401,79.00151,0.638619992554,343.200677938,110.963792238,7.324692
2015-06-03 07:00:00,8.65356442674,0.8428777,1000.945,83.06747,1.96118856935,334.388284488,121.903850813,8.052475
2015-06-03 07:30:00,13.3434106474,1.152489,1000.717,83.92094,1.51991597833,338.606386531,176.721843837,8.112023
2015-06-03 08:00:00,11.0300765742,1.371044,1000.469,81.00798,0.596894957126,278.6774544,119.809054485,8.623804
2015-06-03 09:00:00,8.53371641318,1.357444,1000.043,81.39674,2.53854817471,320.230708033,119.08614159,10.16007
2015-06-03 09:30:00,10.2277841965,1.402856,999.766,81.90274,3.05034825788,336.819836212,127.399621725,9.922978
2015-06-03 10:00:00,23.7023323268,1.694072,999.3425,80.49973,3.88236394104,323.431850891,255.159062965,8.99257
2015-06-03 10:30:00,22.9339386809,1.936656,998.9945,80.12251,4.13876407154,325.247439774,256.330063949,8.639706
2015-06-03 11:30:00,27.8013298812,2.184117,998.6455,78.9416,4.55560242706,316.327477547,263.294248462,9.992629
2015-06-03 12:30:00,25.2258961913,2.308594,998.1871,79.95878,4.95291678613,317.729214909,203.813507317,10.41225
2015-06-03 13:00:00,19.6876475693,2.233166,997.9328,80.42546,5.34452705417,311.97605388,175.131106518,9.995741
2015-06-03 14:00:00,19.4403627631,2.5017,997.5864,80.10732,5.33198257905,311.474963994,230.639263158,9.263441
2015-06-03 15:30:00,34.7910934322,3.402233,997.0091,75.97729,4.22145201441,314.084649819,256.089028205,10.62903
2015-06-03 16:00:00,35.3356519404,3.319083,996.8913,76.56664,4.59867163665,318.453325996,210.963676476,11.75229
2015-06-03 16:30:00,36.5876614623,3.358428,996.8287,75.55237,4.83187058777,324.065674663,345.933992724,11.86755
2015-06-03 17:00:00,41.8368953103,3.516439,996.6933,72.74815,4.32845978516,324.679720974,185.067062958,12.18262
2015-06-03 18:00:00,34.0605056641,3.846627,996.594,65.6014,3.21438618677,341.935694768,177.971660238,12.02308
2015-06-03 18:30:00,39.0229312646,3.714839,996.4418,68.20822,3.12051290196,319.730355342,166.717621341,11.56761
2015-06-03 19:00:00,48.0304565798,3.711872,996.3333,67.87843,3.68679608595,324.594768964,146.52130895,11.47529
2015-06-03 19:30:00,42.2795212717,3.407689,996.2064,69.45004,4.9780342709,326.131681411,129.785247122,11.42645
2015-06-03 20:00:00,26.7148795941,3.162533,996.0944,72.24867,5.33258071091,318.648433651,92.0522363142,10.45066
2015-06-03 20:30:00,22.6386437191,3.026544,996.1069,72.25981,5.02852495792,313.414387517,89.2755791893,9.13933
2015-06-03 21:00:00,21.6962543198,2.844422,996.0481,73.83769,5.40317927725,318.894788032,66.564582838,8.140415
2015-06-03 21:30:00,12.6808920981,2.345556,995.9895,77.76586,5.85891090803,321.769067105,59.2400944098,7.331427
2015-06-03 22:00:00,11.166126181,2.140161,996.0931,78.37188,5.56447301936,310.737497437,62.8145992789,6.357057
2015-06-03 22:30:00,10.482062682,2.007072,996.0238,78.97224,5.19805857415,307.385083055,58.5357710432,5.657456
2015-06-04 00:30:00,1.86995529825,1.688183,995.7128,82.14844,3.75495702742,306.443863207,30.0049083238,3.855785
2015-06-04 02:00:00,5.72618307275,1.396194,995.5335,82.22541,4.45236277654,316.573786764,62.537759669,4.185276
2015-06-04 02:30:00,5.26863385833,1.312567,995.442,81.67153,4.42006721892,312.008782396,46.3257168621,4.268626
2015-06-04 03:00:00,4.66457822671,1.25085,995.2779,80.12106,4.45679455662,310.990786119,33.2513801521,4.067224
2015-06-04 03:30:00,4.82779316498,1.302967,995.2472,79.7198,4.56746675562,316.739489775,38.6874812654,3.579449
2015-06-04 04:00:00,6.11007767531,1.401589,995.1607,76.94023,4.26747914378,317.357363999,42.7931727865,3.174108
2015-06-04 04:30:00,7.06229876769,1.399239,995.1727,76.64059,4.11812348984,328.134227777,64.3949465419,2.929415
2015-06-04 05:00:00,9.8323591317,1.419456,995.0443,74.59176,3.89302481126,325.023089642,59.8301217487,3.003769
2015-06-04 05:30:00,9.2805144998,1.346711,995.0004,76.66129,5.00722742432,324.444756911,67.0522793242,3.131016
2015-06-04 06:00:00,10.7792772716,1.459755,994.9053,75.47903,4.66689086415,313.502382705,70.5996822866,3.075882
2015-06-04 06:30:00,9.12424346298,1.9033,994.9091,73.96775,3.69838798492,314.810542607,100.934336201,2.931869
2015-06-04 07:30:00,13.8869277945,1.926022,994.8588,74.2489,4.41239327366,300.278165323,143.291450015,4.032693
2015-06-04 08:00:00,17.3151027325,2.109161,994.7891,74.70264,4.94365148521,302.689850493,177.974386408,4.630705
2015-06-04 08:30:00,15.7383770544,2.020016,994.7167,76.99674,4.83857745942,329.952608215,178.929959063,5.668577
2015-06-04 09:00:00,16.9402269872,1.824583,994.7705,78.63316,3.01248684311,321.0143901,195.428946182,6.207185
2015-06-04 10:30:00,29.3771777577,2.917239,994.6442,73.06811,5.58141836197,304.730134744,283.515067717,7.990666
2015-06-04 14:00:00,76.2855336527,4.153789,994.6176,73.26482,5.9709441636,303.756298581,550.139304984,11.03462
2015-06-04 14:30:00,70.5386899998,4.29195,994.4821,72.60799,5.72042437675,303.665821912,440.894029584,12.29841
2015-06-04 16:00:00,42.4232621789,3.683161,994.8076,73.27988,5.45882665968,297.431940506,319.32701641,13.22025
2015-06-04 16:30:00,71.4661304242,4.247566,994.7029,71.86096,5.76706088209,312.064876933,446.893921169,12.80047
2015-06-04 17:00:00,99.1548070815,4.486366,994.7079,70.73431,6.27558118742,329.472356954,543.021273652,13.15177
2015-06-04 17:30:00,61.7205980998,3.913461,994.7756,70.20119,5.51276298416,323.670738477,252.765952586,15.21218
2015-06-04 18:00:00,41.1503995736,3.522872,994.8199,71.87625,5.55349797124,324.453381086,184.544242261,15.07152
2015-06-04 19:00:00,30.6275437044,3.2024,994.8722,72.6209,5.83843961662,322.388031065,113.561988786,11.56641
2015-06-04 19:30:00,31.4660626622,2.895077,994.9219,73.40643,5.14963520676,327.861179552,59.192352328,10.55476
2015-06-04 20:00:00,23.476107933,2.843305,995.1746,72.18584,3.96765204773,326.350701028,74.8584687841,8.609512
2015-06-04 20:30:00,25.8666058869,2.673867,995.0113,72.87826,5.21609472129,315.70930305,52.7778146021,7.645686
2015-06-04 22:00:00,7.82685060383,2.211555,994.9981,74.26259,4.51589255369,311.623732608,-12.3354814587,5.119691
2015-06-05 01:30:00,7.78749865619,2.107761,995.5328,76.16199,3.44797096898,301.850451412,29.5344492257,3.964442
2015-06-05 02:00:00,8.73664620622,2.088961,995.4681,76.80663,3.2524332363,329.774391636,29.3223695604,3.990937
2015-06-05 03:00:00,5.98960818154,1.873267,995.7664,80.85149,3.4161897973,318.552408228,67.4487695971,3.496183
2015-06-05 03:30:00,5.77643823373,1.734822,995.7589,83.11919,2.42905405048,334.614052039,68.1121388023,3.741091
2015-06-05 07:00:00,4.57656455527,1.713694,995.5424,83.27106,5.19014837625,297.541946608,134.06415325,3.28217
2015-06-05 13:00:00,59.3538228039,4.032861,996.7224,71.58929,5.88976756299,297.316124614,381.639364338,10.39532
2015-06-05 13:30:00,37.833864585,4.047645,996.9172,72.80502,5.7763485321,295.55523657,351.774090898,10.95212
2015-06-05 15:00:00,41.9015325413,4.001178,997.2596,71.99774,6.46261432748,296.450009373,282.849713322,11.21516
2015-06-05 17:00:00,26.5472191467,,,,5.92001923284,296.528355634,,
2015-06-05 21:00:00,20.6262658575,3.072311,999.3591,75.50476,4.16680952289,314.021936588,79.8493105417,8.337016
2015-06-05 21:30:00,18.3342661941,2.833306,999.6324,77.16943,3.53376149011,325.424027805,73.385673095,7.757442
2015-06-06 06:30:00,11.2275837827,2.1894,1002.853,78.67019,4.64654761276,304.466913588,101.592571154,3.947191
2015-06-06 07:30:00,17.032212912,2.484022,1003.106,77.6488,4.20098291354,314.644616194,130.613156494,4.678156
2015-06-06 08:00:00,11.830833062,2.491294,1003.27,76.66007,4.19450256309,317.645917846,142.540681344,5.261708
2015-06-06 08:30:00,18.9005477398,2.701261,1003.432,75.28361,4.13865951798,315.243133489,181.803232134,5.676109
2015-06-06 10:30:00,51.8310825964,3.32385,1004.137,73.84042,4.22141041022,312.117088186,417.035704334,7.706505
2015-06-06 11:00:00,39.3355282362,3.380522,1004.191,74.74716,4.46548831791,310.249284773,352.409217163,8.352861
2015-06-06 11:30:00,35.828169375,3.276917,1004.309,75.67199,4.6831149725,315.546183496,282.097544174,9.707301
2015-06-06 13:00:00,68.768100989,4.306411,1004.734,67.62904,4.03575619253,306.59409391,463.85630938,10.11738
2015-06-06 14:00:00,79.1942840059,4.268155,1004.902,68.81395,4.69164308809,315.21065049,369.108636521,12.24113
2015-06-06 14:30:00,70.1957761665,4.448594,1005.1,66.87157,4.52331934127,309.026759041,336.742472508,12.03867
2015-06-06 15:00:00,63.1900110993,4.201483,1005.204,67.22611,4.56727961919,314.352000917,238.077684329,12.29773
2015-06-06 15:30:00,71.3715398523,4.238994,1005.35,67.86153,4.83271040661,321.20595691,275.500140056,11.98409
2015-06-06 16:00:00,52.3263244824,4.068661,1005.458,67.88506,4.52527120698,317.412317143,267.471744184,11.40322
2015-06-06 16:30:00,56.669827453,4.003939,1005.496,69.59936,5.31045458031,314.863120329,257.410992083,11.29596
2015-06-06 17:00:00,65.9281436327,4.075483,1005.564,69.40437,5.54188981113,314.743870774,323.960214051,10.74356
2015-06-06 18:30:00,58.6548060551,4.340411,1005.672,66.66831,4.34649358966,315.202139536,214.264335128,10.36245
2015-06-06 19:30:00,55.9746478932,4.441472,1005.54,66.02195,4.19701565951,316.699431341,202.828930525,10.14091
2015-06-06 20:00:00,58.7802385432,4.415994,1005.593,68.70271,4.41413661257,321.696197508,192.712892616,10.20638
2015-06-06 20:30:00,33.4990454604,4.054055,1005.591,72.44788,4.74934628735,328.586393641,112.281976412,11.14811
2015-06-06 21:00:00,19.7439365506,3.419816,1005.726,77.24199,4.20998681801,318.24760746,30.4376239955,10.85666
2015-06-06 23:30:00,13.6331267151,2.703556,1006.179,74.18204,3.10025664354,199.371890005,47.9007981634,6.486727
2015-06-07 00:30:00,5.31597194396,1.893422,1006.214,77.8416,3.43669151127,224.645140249,14.1607498508,5.417119
2015-06-07 01:00:00,3.90910413425,1.789478,1006.184,78.62639,3.26055432896,229.142236966,32.9877832402,4.403372
2015-06-07 02:30:00,4.71915324607,1.702778,1006.594,80.11986,3.2047786246,229.461994147,21.6204254872,3.555522
2015-06-07 03:30:00,5.05953260253,1.673439,1006.46,85.05821,2.80636180448,319.436733594,37.4084776147,3.236988
2015-06-07 04:00:00,6.00002108028,1.6067,1006.492,83.94848,2.65847424769,323.813993651,41.3249037385,3.455355
2015-06-07 04:30:00,4.45891046672,1.447922,1006.456,85.78578,3.30283953266,323.708743647,37.2052130364,3.536937
2015-06-07 05:00:00,2.11423383677,1.296617,1006.391,87.79097,4.02073679031,325.770533154,49.0526064331,3.434229
2015-06-07 05:30:00,3.23154667434,1.300528,1006.318,87.76338,3.50604739052,328.356927323,54.7861743481,3.318975
2015-06-07 06:30:00,4.87743896383,1.463211,1006.213,86.20776,4.01878607208,329.194836224,91.7839962846,3.407856
2015-06-07 07:30:00,7.97780858518,1.847789,1006.159,83.60902,4.00142482745,322.198490479,130.285500174,4.228246
2015-06-07 08:00:00,8.34721319283,1.879089,1006.164,84.02093,4.2607225886,318.103894141,179.630420256,4.875115
2015-06-07 08:30:00,8.35702314201,1.975955,1006.259,83.13422,4.54474787145,311.811208704,180.286582153,5.567427
2015-06-07 09:00:00,11.1988774811,1.799133,1006.357,84.09346,4.59525423718,322.634164342,142.90001339,6.64938
2015-06-07 10:00:00,12.2429188652,2.198772,1006.419,81.78289,3.82630119349,318.174398904,191.604506424,6.79859
2015-06-07 10:30:00,14.0894898325,2.124578,1006.588,82.54395,4.75500882215,312.231656934,177.253826472,7.397823
2015-06-07 11:00:00,9.35332225492,1.924772,1006.835,84.25098,5.11568604951,315.118918527,181.9922254,7.770484
2015-06-07 11:30:00,12.6736918805,2.058272,1006.903,82.82141,4.61313420632,314.675696112,187.400285834,7.545123
2015-06-07 12:00:00,12.5665741699,2.139966,1006.841,82.62745,4.23126258806,316.075828805,195.740112609,7.496293
2015-06-07 12:30:00,11.0145244028,2.120183,1006.968,82.82518,4.45216931969,321.928466103,178.555939826,7.955719
2015-06-07 13:00:00,9.9805922682,2.053822,1007.089,82.8479,4.33750760443,326.040675291,167.521314435,8.104288
2015-06-07 13:30:00,11.9551940261,2.098022,1007.182,82.73586,3.82905802629,324.826513735,174.501250791,7.96258
2015-06-07 14:00:00,14.2328069003,2.176316,1007.177,82.81084,3.93023040638,320.707180179,171.879627667,7.911788
2015-06-07 14:30:00,13.9904872319,2.107433,1007.322,83.09662,3.81099287318,318.168661748,155.167736488,8.083073
2015-06-07 15:00:00,10.027969819,2.073467,1007.304,83.66235,3.92067152881,319.106480106,145.662509687,8.104807
2015-06-07 16:30:00,9.27773923408,2.298433,1007.203,82.62839,3.37645591376,313.148627678,180.999616647,7.603755
2015-06-07 17:00:00,16.7349176234,2.616283,1007.206,79.80941,2.9104567702,310.645908764,177.172508629,7.969383
2015-06-07 17:30:00,27.1269264707,2.787189,1007.135,76.7639,2.96747692801,311.960694742,180.394167017,8.673139
2015-06-07 18:00:00,19.1979852712,2.885345,1007.13,78.491,3.70321001847,302.538598338,194.892077409,9.134446
2015-06-07 19:00:00,11.2322613314,2.78955,1007.045,81.09315,3.32578811932,312.231915683,127.388025864,9.318715
2015-06-07 19:30:00,12.6058045239,2.922228,1006.904,80.92341,3.29613921896,318.769244119,143.831325719,8.820721
2015-06-07 20:00:00,27.4756531621,3.826756,1006.805,75.32629,2.78071089132,319.341675181,206.247950374,8.323143
2015-06-07 20:30:00,22.0572659853,3.420861,1006.748,76.04169,2.7239148449,318.19747453,85.6166563589,10.175
2015-06-07 21:00:00,27.5791340644,3.456939,1006.66,73.97485,2.44439259014,329.847647525,107.26596562,10.37624
2015-06-07 22:00:00,18.1304667455,2.914528,1006.636,76.84155,2.57443057456,349.996359377,52.3022584081,11.53177
2015-06-07 22:30:00,8.87323736769,2.464878,1006.574,79.39198,3.37224661861,346.415334902,36.4442778617,10.89964
2015-06-07 23:30:00,10.8638653349,2.290895,1006.502,76.09211,1.25942603563,256.159772966,33.3240821684,6.390723
2015-06-08 00:30:00,4.6073477133,1.683555,1006.333,76.16534,2.66836747788,233.916017613,2.84030356853,4.443498
2015-06-08 02:30:00,5.10478690722,1.164906,1006.125,78.27099,2.19091321035,246.992585038,1.25029798242,0.6057743
2015-06-08 03:00:00,8.42102519508,1.599405,1005.995,76.75246,0.335127244413,50.2330926836,31.4621743759,0.4102165
2015-06-08 04:30:00,11.7908495176,2.109933,1005.503,73.39762,1.15582101056,195.992287659,46.163187172,2.646549
2015-06-08 05:30:00,14.2304935467,2.098794,1005.121,75.28011,1.90189547835,171.6294953,62.4073969434,3.977599
2015-06-08 06:00:00,13.7173083804,2.387794,1004.902,73.39823,1.70332095361,211.434311741,75.0661529521,4.321546
2015-06-08 06:30:00,14.4094374231,2.364905,1004.629,75.49971,2.85290120564,164.405963167,80.3475170754,4.70658
2015-06-08 07:30:00,27.8819643047,2.890511,1004.264,76.33003,3.86628706077,174.475251938,164.875274562,5.42763
2015-06-08 08:00:00,34.5262187256,3.150905,1004.062,76.40103,4.34142635341,166.625666763,302.412601882,5.955547
2015-06-08 09:30:00,46.8111544393,3.466705,1003.693,71.61193,3.84367893375,157.965632416,174.760603966,12.24505
2015-06-08 11:30:00,94.1845462308,4.504772,1003.457,69.97789,4.00789944878,166.457730006,423.306356355,11.29831
2015-06-08 12:00:00,51.4175709797,4.019978,1003.223,70.22289,4.13940459399,153.166505184,251.214440547,12.42894
2015-06-08 12:30:00,66.1044725653,4.354667,1003.069,69.58375,3.50321641369,165.949993546,282.304656583,12.89476
2015-06-08 13:00:00,88.5016703461,4.689955,1002.924,68.99925,3.82672987142,165.044059214,354.714241413,13.12676
2015-06-08 15:30:00,101.031069876,5.715327,1002.356,66.12123,3.24540720576,214.502339782,539.81834193,15.12071
2015-06-08 16:00:00,84.8828506019,5.385894,1002.357,68.61785,2.82719677781,236.090232856,294.703348777,16.41764
2015-06-08 16:30:00,30.2870706891,4.160233,1002.296,79.86528,3.68574410591,321.794746659,196.794673204,17.55879
2015-06-08 17:00:00,29.5106196659,4.214389,1002.192,80.79469,3.01485710147,314.11339625,189.655923111,15.72358
2015-06-08 17:30:00,40.2724605232,4.283272,1001.994,81.17482,3.17082181161,312.377663383,263.565211529,13.8106
2015-06-08 18:00:00,45.7591739623,4.31625,1001.814,81.46962,3.11608045518,313.720907064,257.861142274,13.33013
2015-06-08 18:30:00,31.7983529531,4.174905,1001.74,82.15872,2.39558845107,308.478041583,206.345714102,13.93662
2015-06-08 19:00:00,19.9437476697,3.925478,1001.628,83.1233,2.53071452087,331.572301449,157.272173268,14.4348
2015-06-08 20:00:00,24.4264270485,4.074194,1001.368,81.09562,1.93415454868,311.240499084,142.06343811,13.1133
2015-06-08 20:30:00,18.9499532298,3.827989,1001.344,81.72255,2.7005549506,304.482403238,90.0013297708,12.75699
2015-06-08 21:00:00,18.3641889478,3.606966,1001.329,81.30716,2.13233040754,300.328136273,98.7885380824,12.03917
2015-06-08 22:30:00,5.24623568201,3.199328,1001.049,84.47004,2.05112864415,312.532934377,53.0362958581,9.466185
2015-06-08 23:00:00,8.83353200423,3.172194,1001.05,83.21091,1.75788251877,300.559484613,43.6624467264,8.332356
2015-06-09 00:00:00,5.64215486013,2.913661,1000.993,85.08701,2.43074585656,318.027496091,31.549629728,7.03733
2015-06-09 01:00:00,7.42752575707,2.836778,1000.796,84.98399,1.52189891504,302.858949968,36.3322903251,5.400775
2015-06-09 01:30:00,6.23105881875,2.922072,1000.71,84.30759,1.63361620793,291.407234349,35.2084794221,5.161019
2015-06-09 02:00:00,4.71506302244,2.965294,1000.628,82.70084,0.994220636188,313.819180713,32.4412908977,5.250373
2015-06-09 04:00:00,6.24742240289,3.130339,1000.167,77.64778,4.02039982854,87.4447382173,55.5957836472,5.746834
2015-06-09 05:00:00,14.6074163712,3.014139,999.9794,76.2782,4.21909967052,86.8170056365,67.6574578328,5.262479
2015-06-09 08:00:00,25.3428453807,3.198589,999.6273,69.53832,2.93482687744,151.674540452,159.69897672,7.087025
2015-06-09 09:30:00,19.3192601425,3.531555,999.5029,74.84002,5.37933649173,82.1849834423,179.03196687,8.962827
2015-06-09 10:00:00,29.6413999881,3.814233,999.4994,73.85355,5.1430328095,82.827979813,196.700570502,8.625238
2015-06-09 11:30:00,95.2221240669,5.224844,999.4295,66.62135,2.76552352195,108.559210225,425.229878795,10.49899
2015-06-09 12:30:00,38.8273040351,4.325605,998.9695,75.20329,6.67581796635,102.820005945,203.088988747,12.36851
2015-06-09 13:00:00,45.5593640657,4.590222,998.8115,74.76034,7.52227039892,106.027498938,277.423221696,11.04973
2015-06-09 13:30:00,43.809989613,4.619339,998.8583,76.09457,8.22356055297,94.6548967594,289.309673074,10.05297
2015-06-09 14:00:00,39.1935132401,4.852278,999.0187,75.97018,7.20099499957,91.6276814255,354.560066946,9.45381
2015-06-09 14:30:00,45.0009902053,4.729589,998.9313,75.85921,8.5056026481,84.5376091718,312.76438575,9.604737
2015-06-09 15:00:00,20.4227629702,4.061995,998.8366,77.37608,8.52134477329,90.4828535956,174.221767738,10.11019
2015-06-09 15:30:00,21.0018363854,3.853105,998.7979,77.78905,8.07168143341,89.3724512296,170.312312032,9.044881
2015-06-09 16:00:00,16.7887402194,3.960544,998.8271,77.3047,6.88239001321,94.1005437405,154.324431827,7.892518
2015-06-09 16:30:00,16.1056815194,4.009428,998.6152,77.93829,7.51173182884,90.4044283622,163.323543356,7.242388
2015-06-09 17:00:00,16.474286442,3.987589,998.5156,78.21684,7.45517675714,91.1662727938,163.851850789,6.980606
2015-06-09 17:30:00,12.6583221048,3.823094,998.4626,78.6181,7.26069163144,90.7763280573,150.794834258,6.817266
2015-06-09 18:00:00,14.7790741375,3.859033,998.5313,78.04711,6.45585520384,92.0469576132,138.091423951,6.687052
2015-06-09 18:30:00,22.296105395,4.2546,998.3877,76.92815,5.83167003888,96.1206495857,200.229356218,6.437012
2015-06-09 19:00:00,26.3125667721,4.341683,998.2172,76.40874,6.62104085043,98.6982010721,162.999972244,6.601682
2015-06-09 19:30:00,12.5025930985,4.046716,998.0907,77.51224,6.79254527666,100.123650371,121.698085286,7.547307
2015-06-09 20:00:00,11.1848933987,3.969494,997.9815,78.15834,6.66874339793,99.4539166426,115.380796514,7.366575
2015-06-09 22:00:00,2.84743256342,2.940361,997.6959,84.82338,4.69684718576,119.663105335,29.6712900759,5.355867
2015-06-09 22:30:00,1.2566468353,2.846977,997.609,86.05815,4.77401661113,116.845286005,19.5815318648,4.839026
2015-06-10 00:30:00,1.46995541223,2.533961,997.6417,88.63599,4.02023602403,102.557314653,8.71150627935,3.216507
2015-06-10 02:30:00,2.47528596825,2.597772,997.5228,83.67408,4.38415551183,111.326506608,19.0059199368,2.662102
2015-06-10 03:00:00,1.84860343473,2.617628,997.4467,83.38213,3.95424788174,101.467805222,21.891551406,2.625714
2015-06-10 04:00:00,4.65632077714,3.151994,997.2969,80.97587,4.24341498745,114.499646005,66.0902000836,2.720512
2015-06-10 08:30:00,10.6159989449,3.724022,997.8939,77.80428,5.04686941359,103.391085599,94.6762548498,7.073037
2015-06-10 09:00:00,10.6700541256,3.821666,998.0294,77.57158,4.58865634102,108.248674672,125.052386489,7.01414
2015-06-10 09:30:00,17.1964662135,4.142039,998.1376,77.30012,4.6618616891,108.860103683,170.600258808,6.77586
2015-06-10 11:00:00,41.9900047798,5.324555,998.4296,74.67487,4.78572787718,115.815559633,392.922069936,8.286325
2015-06-10 12:30:00,29.472572979,5.353567,998.7106,75.94685,5.760045206,115.68546255,256.861860579,11.52244
2015-06-10 13:30:00,23.0059361394,5.226117,998.8665,77.0196,5.64334797636,117.847244595,205.451762258,11.95721
2015-06-10 14:00:00,34.858986406,5.562794,998.9111,76.44707,5.5158872084,119.545191621,244.28260071,11.50709
2015-06-10 14:30:00,30.466305873,5.358016,999.0534,76.7765,6.33831153891,120.331558331,197.69400155,11.52006
2015-06-10 15:00:00,17.0823678596,5.131494,999.2073,79.03802,6.62126766315,120.018290786,150.731856397,11.42492
2015-06-10 15:30:00,10.735217191,4.831133,999.4468,82.77921,6.57196102482,122.103566931,158.374296629,10.51993
2015-06-10 17:00:00,5.44141584225,4.046339,1000.05,86.89626,6.67583414273,123.992790492,110.036880672,9.370268
2015-06-10 20:00:00,6.01515591566,4.521794,1000.505,84.32462,6.66216305867,123.294690127,130.383013519,7.93728
2015-06-10 20:30:00,7.5805718269,4.175789,1000.659,84.85076,6.91636496997,122.458536093,117.561377146,7.9202
2015-06-10 21:00:00,5.67927221659,3.938077,1000.805,84.32096,7.18843026202,119.027014998,73.783380976,7.833968
2015-06-10 21:30:00,5.13678099191,3.772794,1000.937,84.95559,6.90322871037,120.234603973,74.2574817991,7.181036
2015-06-10 22:00:00,5.66848316633,3.830189,1001.153,84.32201,6.85714972195,120.235821681,81.8847117368,6.391803
2015-06-10 22:30:00,4.80365932921,3.386861,1001.255,84.62341,7.67092885306,121.01094066,70.1305330041,6.077645
2015-06-10 23:00:00,4.93850987394,3.147666,1001.39,85.28293,7.467455099,121.044119389,63.264031444,5.622931
2015-06-10 23:30:00,3.47330593434,2.926816,1001.399,85.08051,7.86033469196,120.209553875,50.4514995595,5.249697
2015-06-11 00:00:00,2.87788022062,2.944533,1001.565,84.45393,6.73609955651,123.344873225,47.0115853996,4.70024
2015-06-11 00:30:00,3.05282761454,3.057694,1001.637,84.02055,6.26113986084,117.015523329,41.9477774939,4.238023
2015-06-11 01:00:00,4.8386311674,3.144872,1001.642,81.13175,6.10220949822,117.829864108,32.5642934793,4.041214
2015-06-11 01:30:00,7.48466022296,3.066283,1001.652,78.87232,7.18749876451,116.685898709,45.8865867061,3.850976
2015-06-11 02:00:00,12.7757779989,3.906211,1001.737,75.47359,6.76544248968,112.726640058,121.287766428,3.217199
2015-06-11 02:30:00,11.0912981913,3.50345,1001.909,78.60225,6.55212606547,107.269136594,56.7736557623,4.0806
2015-06-11 03:00:00,9.26038386148,3.521867,1001.948,78.48655,5.84840665361,117.785251258,83.4866122101,4.647236
2015-06-11 05:30:00,7.39221846281,4.169744,1001.793,76.38793,3.09599640295,94.3262580629,104.838706291,4.719691
2015-06-11 06:30:00,10.3555484322,4.275072,1001.867,74.7689,1.25375214542,88.249992883,68.0707071037,5.714671
2015-06-11 07:00:00,17.9157713117,4.865878,1001.88,71.64514,1.20089430648,115.620245692,132.66962232,5.956989
2015-06-11 07:30:00,19.2577972923,5.077994,1001.611,68.67222,0.951669569084,128.557768812,122.96938011,7.144333
2015-06-11 08:00:00,21.5903808569,5.358756,1001.562,66.8278,0.48088462281,44.9161678949,124.292513109,8.717181
2015-06-11 08:30:00,35.9546656656,5.721871,1001.501,67.14778,0.419229638743,48.2143957837,187.640047484,9.763781
2015-06-11 09:00:00,45.8659082764,5.662305,1001.396,68.78662,1.30459249429,313.593339578,181.079992528,10.68126
2015-06-11 09:30:00,56.4172390537,6.099272,1001.175,69.1096,1.98517234309,299.557061801,336.940280466,11.38332
2015-06-11 11:00:00,24.9654307557,5.755772,1000.936,74.19872,3.13330040803,96.6117286499,132.23045035,13.16198
2015-06-11 12:00:00,33.9262136899,6.013933,1000.729,73.96412,3.09729731532,99.9196829155,173.699737548,12.26731
2015-06-11 13:00:00,35.0088254871,5.809494,1000.432,71.10905,6.59520689526,315.693670819,150.444622501,11.94218
2015-06-11 13:30:00,34.2543241346,5.634139,1000.32,71.70769,6.22238581323,321.207451087,172.15986793,9.975169
2015-06-11 14:00:00,23.5188294601,5.420011,1000.084,74.62793,6.27926092944,326.428720244,152.163915598,8.730982
2015-06-11 14:30:00,20.1134484831,4.792911,1000.049,76.41516,6.88901788558,326.177659478,115.300880458,8.137875
2015-06-11 15:00:00,8.8639608025,4.246333,999.8991,80.74937,5.08736443858,320.636112439,84.0822869959,7.226201
2015-06-11 16:00:00,3.74435086812,2.382133,999.6343,90.81834,5.68957827733,294.339540658,60.9755463105,5.635208
2015-06-11 17:00:00,3.14220927384,1.872172,999.0367,90.24306,7.29969161075,291.382777087,75.5826814789,3.935069
2015-06-11 17:30:00,7.3746522404,2.321294,998.5703,83.03577,6.27624924645,289.071819473,74.6562449968,3.309464
2015-06-11 19:00:00,5.39671921546,2.279117,997.0169,82.62505,6.7212321873,296.310251866,39.40269974,3.40727
2015-06-11 19:30:00,3.73240620985,1.808617,996.5193,86.02419,6.23792202081,298.119967509,32.5548653493,3.003628
2015-06-11 20:30:00,5.14358101742,1.774517,995.6416,83.35056,6.13312833704,298.148859528,32.185688987,1.936706
2015-06-11 22:30:00,0.727133519657,1.419511,994.3094,89.9476,5.05367667298,308.392273154,11.579905295,1.412295
2015-06-11 23:00:00,2.17195486074,1.795339,994.028,85.27564,6.21174095023,320.796180819,11.371874511,1.294669
2015-06-11 23:30:00,3.93330682131,1.789672,993.818,82.69964,6.99642110389,320.814817065,6.21537962501,1.244391
2015-06-12 00:00:00,5.96174293159,2.091461,993.593,78.86718,6.41243153315,319.482011856,11.8871115088,0.9169474
2015-06-12 01:00:00,4.78215983933,2.600806,993.5372,76.14503,2.5041403937,325.845483264,16.9370389896,0.7447559
2015-06-12 02:00:00,8.3898600236,2.356572,993.6796,77.95939,4.88000018864,334.57708438,25.437045186,1.676697
2015-06-12 02:30:00,4.80107210199,2.294694,993.5618,78.25291,5.50626245393,338.497502154,19.7635455796,2.118766
2015-06-12 03:00:00,5.15911604063,2.489694,993.7029,77.14708,5.01142418682,345.243597447,21.7950583724,1.753557
2015-06-12 03:30:00,3.16840917398,2.638794,993.8174,77.56754,3.73389835083,349.75966537,7.58659470837,1.61613
2015-06-12 05:00:00,4.0353396449,2.62895,993.5899,77.62518,5.2569614314,339.687595364,21.0425519492,1.641961
2015-06-12 05:30:00,8.075539169,3.158544,993.3724,75.84413,5.85187852007,324.494170253,52.8439671822,1.35692
2015-06-12 06:30:00,8.94271662432,3.492455,993.0692,75.5323,6.92581848191,326.213240409,58.8392800387,2.274204
2015-06-12 07:00:00,8.70698122804,3.089533,993.0247,76.32993,7.01672258243,324.230696865,38.4237002548,3.018667
2015-06-12 07:30:00,7.76631706152,3.030405,993.126,75.80215,6.33012708034,318.462125239,35.0402077689,2.873971
2015-06-12 08:00:00,5.48066138198,3.140644,993.3604,76.11559,5.01244986912,312.119329009,55.2264949465,2.439595
2015-06-12 09:00:00,10.9574657975,3.276183,993.1884,77.46508,5.76837306404,295.431163831,89.4242530642,2.952717
2015-06-12 09:30:00,9.80306187694,3.259367,993.2196,75.40794,5.05832613047,283.563878405,92.896711767,3.596412
2015-06-12 10:30:00,6.78802359536,3.059133,993.1312,80.50906,5.53110191744,298.193261634,92.5399881811,4.120372
2015-06-12 11:30:00,3.41410751292,3.266955,993.081,78.15151,5.5539183232,313.011560658,53.3270684636,4.126368
2015-06-12 12:00:00,8.46149315189,3.588561,993.0201,77.24474,4.31350943355,296.488276616,78.1191333884,3.814321
2015-06-12 12:30:00,7.86368225468,3.781106,993.2013,76.04243,3.23581491478,313.917622064,56.8585459987,3.823717
2015-06-12 13:00:00,16.5659213108,3.80285,993.2823,74.3051,3.13289007113,310.617615564,67.0668253395,4.175138
2015-06-12 13:30:00,12.9357705705,3.892411,993.228,73.00021,4.15241815104,312.16116691,85.1400524171,4.300695
2015-06-12 14:00:00,16.9194850823,4.113544,993.1797,71.08389,5.09537455971,327.118576943,94.424244519,4.441067
2015-06-12 14:30:00,16.9161777434,4.008172,993.293,70.42607,5.19742209633,322.50075632,95.8394599296,4.668953
2015-06-12 15:00:00,21.5204383521,4.060822,993.2151,71.06149,5.40081465019,321.297124656,123.712923347,4.517601
2015-06-12 15:30:00,22.6076153013,3.859728,992.9336,72.37684,6.37804365533,315.767934585,100.91062982,4.859975
2015-06-12 16:00:00,14.109638838,3.7383,992.7154,71.95169,5.51661819497,311.377811835,69.5963584005,4.914534
2015-06-12 16:30:00,11.1558172314,3.492478,992.5608,73.59166,5.61107357703,306.139231577,63.5404264283,4.507581
2015-06-12 17:00:00,14.6713453865,3.732528,992.3362,71.2328,4.85179583114,321.41842626,43.859185944,4.081019
2015-06-12 18:00:00,15.2297999828,3.246722,991.9914,74.84239,5.74383902278,315.465441981,28.3597079523,3.314161
2015-06-12 18:30:00,5.94575687498,2.918244,992.0475,78.21215,5.65073694009,320.081676013,27.5989293206,2.79885
2015-06-12 19:00:00,4.53217976984,2.442894,992.094,83.23336,5.21458884503,322.025602381,23.0202358385,2.561342
2015-06-12 21:30:00,32.8863092281,4.583589,991.8672,61.04744,2.94113760773,43.3895104857,54.8680287088,2.507731
2015-06-12 22:00:00,23.7036896552,4.659472,992.0753,61.43881,3.70254810235,66.6087015803,38.7256851885,2.632155
2015-06-12 22:30:00,28.7696272482,4.661028,992.1719,61.88209,2.76383010091,60.266075002,35.7587087488,3.049983
2015-06-12 23:30:00,22.1264457044,4.459278,992.4887,66.73457,3.84950397063,72.4544164547,49.3196979649,3.58868
2015-06-13 00:00:00,21.4263685255,3.989883,992.6733,70.72527,5.33274915949,79.1208812743,67.0955058502,4.231079
2015-06-13 01:30:00,2.96817054244,2.7174,993.3618,78.60067,3.34792462374,103.384793433,7.42558321523,4.337511
2015-06-13 02:30:00,10.0947981618,3.224844,993.4242,69.80546,4.09917866915,68.7539010793,12.8755980082,3.082989
2015-06-13 03:00:00,6.78693567628,2.754694,993.5986,74.28899,2.54894012166,83.6324749733,14.4941969326,2.468702
2015-06-13 04:00:00,11.868348994,2.586161,993.928,74.31442,5.12461547438,74.9571936811,19.5222553095,1.969185
2015-06-13 04:30:00,13.5354454443,2.521444,994.093,75.17992,5.44717217655,71.0545487117,27.9513260655,1.740154
2015-06-13 05:00:00,12.1922590678,2.70865,994.2164,72.96952,4.65748627189,76.5535174549,17.1279330433,1.688348
2015-06-13 06:30:00,5.7314985297,2.738083,994.1228,77.53586,3.93277233998,83.5018972474,104.513967308,1.797053
2015-06-13 07:00:00,8.11784696506,2.873239,994.223,78.04749,4.55446473519,82.0585403226,99.8665446957,2.68235
2015-06-13 09:00:00,5.04387342404,2.948405,994.2625,82.52175,5.2782592252,74.5054844381,75.8452177875,3.523633
2015-06-13 09:30:00,17.3280102142,3.629366,994.2068,78.46843,8.12448741998,61.0152658349,104.784566173,3.258525
2015-06-13 10:00:00,13.3370723823,3.921622,994.1879,78.09004,6.67983331678,64.8783023653,116.632918612,3.495915
2015-06-13 11:00:00,27.4965646181,5.101011,993.9547,72.68317,6.4849849707,66.6169653141,212.887189242,4.344132
2015-06-13 11:30:00,38.993554772,5.486489,993.8804,72.03659,6.85820352434,71.34567795,231.007371665,5.3287
2015-06-13 12:00:00,18.3288385761,5.248522,993.8878,73.62822,4.75981364835,76.9158557208,163.567393136,6.974502
2015-06-13 12:30:00,23.3754161349,5.2483,993.9322,71.35799,4.92218062637,67.6583269657,93.1376986368,8.075021
2015-06-13 13:00:00,27.8335770461,4.939605,994.0546,71.13728,6.69238933707,55.9065309072,75.5198567469,8.255309
2015-06-13 13:30:00,18.6267562035,4.299111,994.3059,75.60548,6.25658553568,58.9414995438,80.6099588101,7.282577
2015-06-13 14:00:00,4.42279854537,3.3016,994.6147,83.41835,3.89646343701,88.7925160033,68.3540128035,6.357888
2015-06-13 15:00:00,3.94470824611,1.770856,994.7205,93.63791,7.83275608717,114.284730253,88.5973970483,5.68885
2015-06-13 15:30:00,1.63277203094,1.715417,994.8063,94.17509,8.42019085966,117.521357334,123.432076402,4.990665
2015-06-13 16:00:00,2.23965311941,1.569322,994.9391,94.61102,8.53025034646,122.8142145,126.76242415,4.587766
2015-06-13 19:00:00,0.963039572747,1.4373,996.1604,93.21706,7.97276685437,126.762079569,77.6796348818,4.310788
2015-06-13 19:30:00,1.51092358521,1.231561,996.4981,93.26806,7.74266054057,127.043013821,55.9891631059,4.079701
2015-06-13 20:00:00,2.70666562464,1.486033,996.5214,89.73963,7.5081756508,123.575774073,59.6760519744,3.695413
2015-06-13 20:30:00,1.98966954916,1.472578,996.6072,87.10661,7.04924903749,120.118178136,27.4874002452,3.46782
2015-06-13 21:00:00,1.62811447899,1.362294,996.7075,86.2293,7.03841958403,123.197885453,3.54187815503,3.072478
2015-06-13 21:30:00,1.62090013346,1.344594,996.8773,86.39177,7.00952533734,123.697235369,4.21078202585,2.338386
2015-06-13 22:00:00,2.40920974101,1.529039,996.9465,84.37499,6.70423814221,122.260898383,3.9468951237,1.715594
2015-06-13 22:30:00,3.08450655192,1.584439,997.0801,83.78687,6.46339657831,120.930839631,-2.09731882441,1.300798
2015-06-13 23:00:00,1.47351921571,1.516911,997.223,85.24068,6.75411520737,122.960186225,-2.59535410209,1.000344
2015-06-13 23:30:00,1.09958661319,1.470144,997.1849,86.48099,6.30890270607,121.947780029,1.94398024153,0.7427433
2015-06-14 00:30:00,1.45962241183,1.375261,997.5017,86.89561,7.22649353488,127.633023209,-0.3413866987,0.6443166
2015-06-14 01:00:00,0.632667312166,1.131828,997.5955,88.73499,7.07477142488,120.138888687,2.96301986107,0.6830114
2015-06-14 01:30:00,0.728578191919,1.086339,997.7156,90.90686,6.15631309563,121.802622282,22.9947994951,0.5754011
2015-06-14 02:00:00,0.973241873516,1.190922,997.6737,91.49558,6.84872493961,113.279316822,37.6705846248,0.6344533
2015-06-14 02:30:00,1.6894970321,1.360089,997.6283,90.15318,6.92931848363,121.073022189,52.3252982552,0.9237145
2015-06-14 03:00:00,1.78757691156,1.380722,997.6819,87.75426,7.47628312425,120.264932975,32.3635229059,1.473572
2015-06-14 04:00:00,3.38846276582,1.8833,997.5952,85.79193,7.1804187941,128.082473597,63.2756267278,1.638891
2015-06-14 04:30:00,1.97385575177,1.723789,997.6164,86.24734,6.55819636813,121.568734995,29.6228272243,2.095134
2015-06-14 05:00:00,2.59438224944,1.7786,997.7185,85.6564,6.18131542254,119.836249418,26.9631544963,2.195261
2015-06-14 06:30:00,0.293320623144,1.668433,997.9332,90.65901,5.71316631964,121.494264759,22.7118354779,1.845347
2015-06-14 07:30:00,0.925125243523,1.828511,997.9667,91.67522,6.28771113222,126.187354554,55.2453704472,1.927146
2015-06-14 08:00:00,1.44365063893,1.978828,998.1092,91.37976,6.32443630345,119.690098186,56.2573503393,2.332057
2015-06-14 08:30:00,1.46898060893,1.993356,998.1533,91.53019,6.85275795633,115.86155157,81.4337509212,2.60395
2015-06-14 09:30:00,4.35497886876,2.770022,998.4307,89.36176,8.52655244593,113.131674672,177.286384995,2.919358
2015-06-14 10:00:00,2.53609653237,2.674655,998.5339,89.39938,7.98473727974,117.031322399,126.654434177,4.218336
2015-06-14 10:30:00,2.48340217269,2.403378,998.4697,90.39555,8.2522173447,118.492193406,144.783382595,4.86741
2015-06-14 12:00:00,18.9076944018,4.734872,998.9581,85.36975,8.14926105388,111.067601953,502.60577121,4.838451
2015-06-14 12:30:00,22.7730860452,4.950778,998.9498,83.47253,8.59582906582,102.914563461,462.019830146,6.530903
2015-06-14 13:00:00,25.4364968803,5.353705,998.873,81.70173,9.20695718964,96.0944247635,431.513295127,7.828726
2015-06-14 13:30:00,16.1218172565,5.094306,999.0242,81.82779,8.96773276353,94.4160601292,202.272028391,8.902786
2015-06-14 14:00:00,15.7187359854,5.115583,999.3343,81.13017,8.73197527591,92.1456965956,203.858052331,8.583359
2015-06-14 14:30:00,8.35204136169,4.919305,999.5765,82.19674,9.30468210552,89.6186172761,168.121226144,7.863582
2015-06-14 15:00:00,10.3669358747,4.984334,999.9443,83.13362,8.52020628561,89.3502564184,220.058286411,7.16778
2015-06-14 15:30:00,9.43431473869,5.028972,1000.234,82.90508,8.51743105487,81.8914068616,229.230021027,7.045782
2015-06-14 16:00:00,12.4403167939,5.193622,1000.541,82.69892,8.8166588907,81.1672344226,199.806992846,7.224659
2015-06-14 16:30:00,14.9771247979,5.25495,1000.709,83.35081,10.026166994,84.3875211864,266.146559974,7.137987
2015-06-14 17:00:00,10.6420888209,5.352733,1000.847,82.16192,9.98050674772,84.2554901234,247.583619323,6.994377
2015-06-14 17:30:00,12.3350986069,5.39965,1001.055,80.43978,10.1072229063,80.2912636927,197.453057451,7.138505
2015-06-14 18:00:00,11.6568844763,5.299472,1001.41,78.81032,9.43133161583,78.3909937971,147.229906941,7.225006
2015-06-14 18:30:00,21.4701150189,5.479116,1001.642,76.48801,9.81434176713,77.2254285967,176.004165112,6.582049
2015-06-14 19:00:00,9.68717514419,5.0574,1002.031,77.48544,9.93869114009,80.4719614811,103.505696537,6.585852
2015-06-14 19:30:00,9.0467448905,4.761839,1002.286,78.9342,9.80417366729,83.7275713367,121.833426489,6.039711
2015-06-14 20:00:00,11.0319117149,4.64415,1002.549,80.70764,9.19501042398,84.2926999772,116.969418587,5.291834
2015-06-14 20:30:00,5.21759493316,4.497978,1002.921,81.35869,8.54442904278,87.0873184937,88.4250805539,5.192516
2015-06-14 21:30:00,3.19951734169,4.060083,1003.608,83.60172,8.2573733373,90.1326273689,44.8551425805,4.802567
2015-06-14 22:00:00,5.84910652635,4.011366,1003.803,83.57074,7.94276025459,92.1962104771,43.8555027536,4.354287
2015-06-14 22:30:00,1.84215621196,4.014083,1003.945,84.32569,7.69692765201,87.6075166873,56.7108459071,3.898423
2015-06-14 23:00:00,3.9524375925,4.03445,1004.12,83.73356,8.12430993651,90.7377156384,73.2624877426,3.642962
2015-06-14 23:30:00,3.0258160124,3.9066,1004.375,84.26121,8.0074061327,96.9027077656,55.8343622541,3.740607
2015-06-15 00:30:00,2.80665708254,3.631989,1004.737,84.52206,7.22931216436,100.31052146,38.8963927386,3.729178
2015-06-15 01:00:00,2.20118655528,3.577094,1004.86,85.35036,7.86827354425,95.3766685283,33.277784875,3.526646
2015-06-15 02:00:00,1.62300075172,3.692605,1005.18,85.28577,6.41167372374,115.602562664,51.9532175733,3.030247
2015-06-15 02:30:00,4.99541230424,4.331428,1005.294,83.20174,7.58266677447,101.855453543,113.991005039,2.649542
2015-06-15 04:00:00,4.22745075571,3.573267,1005.824,82.49551,9.32486824588,90.214068331,84.8329768273,3.914394
2015-06-15 04:30:00,2.50106083949,3.461333,1006.049,83.56512,10.1725441905,93.6267464914,96.7043128478,3.527662
2015-06-15 05:00:00,3.14846271402,3.264855,1006.212,85.10965,10.440781022,97.605650605,63.3742921364,3.672478
2015-06-15 05:30:00,3.0446864078,3.222167,1006.647,85.33499,9.75815453287,92.5609816546,58.443799434,3.406735
2015-06-15 06:00:00,3.02138881059,3.186716,1006.943,84.90748,8.79130868495,94.9178740965,79.9479730166,3.149981
2015-06-15 06:30:00,4.05314684864,3.526033,1007.211,83.21563,7.86219516388,108.925064464,120.953715661,3.054517
2015-06-15 07:00:00,6.49450644669,4.076872,1007.038,81.80779,8.86901730406,100.812292082,167.119653021,2.947638
2015-06-15 07:30:00,9.19881811192,4.337155,1007.262,81.1739,9.41019513045,96.0662965732,216.243674036,3.614845
2015-06-15 08:00:00,15.1767304356,4.962328,1007.581,79.07491,8.81115268359,103.446482798,265.857617236,3.711391
2015-06-15 08:30:00,9.3688888579,4.783595,1007.71,79.19662,8.85550189442,100.136279798,153.122390317,5.707362
2015-06-15 09:00:00,10.4110976649,4.8456,1008.271,79.89017,6.43611555383,101.476748948,178.883847197,6.087545
2015-06-15 09:30:00,25.9608019369,5.459956,1008.473,78.58421,6.60700643836,107.875189809,315.352369349,5.761024
2015-06-15 10:00:00,12.9244684058,5.048461,1008.58,79.75057,7.00202002113,127.002653198,183.558773184,7.284706
2015-06-15 10:30:00,13.766164016,5.116183,1008.569,79.723,7.67289039718,117.683409416,178.378095401,8.273562
2015-06-15 11:00:00,18.9605547493,5.648794,1008.738,79.21254,8.13815285057,111.456766307,291.25666665,7.753397
2015-06-15 11:30:00,21.5304344755,6.108839,1008.941,79.7151,8.40148129333,106.752481752,421.270151589,6.994954
2015-06-15 12:00:00,23.593096014,6.064583,1009.291,79.727,8.01901941347,110.263841686,306.88335726,7.807222
2015-06-15 12:30:00,27.0301354468,6.226911,1009.476,80.79339,8.00077875707,112.375506956,346.884390731,8.798897
2015-06-15 13:00:00,17.5235614591,5.965677,1009.631,80.56764,7.39594270654,115.21955423,262.421349533,9.525111
2015-06-15 13:30:00,24.9536805416,6.332072,1009.729,79.92342,6.94880916668,117.759893096,273.514493453,9.992954
2015-06-15 14:00:00,29.2802832637,6.453544,1009.881,80.06125,7.01070016079,121.617848708,334.652882387,10.35272
2015-06-15 14:30:00,27.1685808273,6.321594,1010.097,79.82015,6.42766579552,126.283456133,271.886953645,10.8493
2015-06-15 15:30:00,33.1374137955,7.257561,1010.203,76.85281,6.71538657087,116.116529505,361.144127045,11.40252
2015-06-15 16:00:00,32.3411350734,7.316628,1010.179,76.0435,6.09569664594,116.265221995,281.018289579,11.41272
2015-06-15 18:00:00,28.2735562434,7.547322,1010.279,77.43322,5.0711030522,110.915965948,189.029988734,13.15869
2015-06-15 19:00:00,23.4287223015,7.634661,1010.213,75.02001,4.44246520494,108.310427728,145.593605417,12.98111
2015-06-15 21:30:00,9.50062371641,6.78651,1010.029,78.71818,2.86793495147,98.2190166565,64.2972094797,9.904305
2015-06-15 22:00:00,12.4752640641,6.708289,1009.924,79.47553,2.99197623656,104.057066796,76.9588705505,9.331567
2015-06-16 01:00:00,0.284576479748,3.497666,1009.804,94.32026,2.52435117325,285.751913996,20.3174138863,5.529543
2015-06-16 05:00:00,1.86735929744,4.756839,1009.029,90.41813,0.571794495624,283.686057014,48.0218686268,5.136781
2015-06-16 05:30:00,2.94151322671,5.015133,1008.846,90.35606,0.822259269794,301.296517209,65.6942059927,5.619884
2015-06-16 06:00:00,2.90909132966,5.198566,1008.72,89.73388,0.707804310663,26.332903803,69.6876076159,6.232813
2015-06-16 06:30:00,3.07565805601,5.011716,1008.679,89.45907,1.15385878978,331.507706254,57.7550499561,7.059844
2015-06-16 07:00:00,2.26370853215,4.777633,1008.646,90.70528,1.2733843389,298.103627829,64.1965564932,7.367925
2015-06-16 08:00:00,4.38171723664,5.257644,1008.452,88.41102,1.59431903363,325.713188453,125.13339804,8.015422
2015-06-16 08:30:00,3.0514427655,4.9288,1008.442,90.52633,2.3054127228,322.087516227,88.8724661873,9.009871
2015-06-16 09:00:00,2.27648471291,4.606128,1008.419,91.18338,2.21329947176,311.403649962,90.9827877622,9.151742
2015-06-16 09:30:00,3.94721434584,4.640122,1008.403,91.98666,2.89819200727,309.597818377,125.19475423,8.712732
2015-06-16 10:00:00,2.97040848865,4.776927,1008.352,92.10246,2.32673497207,312.837831312,143.949289403,8.498067
2015-06-16 10:30:00,8.79709152629,5.030456,1008.364,90.52362,2.94347598442,315.921656225,184.366664426,8.61534
2015-06-16 11:00:00,5.84820179225,5.057477,1008.454,90.77474,3.16265170295,312.865228778,194.211045918,9.453195
2015-06-16 11:30:00,14.469867085,5.330505,1008.45,89.25964,3.20489802795,308.891944337,276.661703735,9.722145
2015-06-16 12:00:00,26.3525858395,5.903594,1008.315,87.18291,2.2299244206,310.931537187,386.608897001,10.14444
2015-06-16 12:30:00,39.2858371297,6.374238,1008.139,86.90096,2.65023260592,312.284250269,378.03088144,11.38114
2015-06-16 13:00:00,15.1143039762,6.060211,1008.088,89.4538,3.59658892368,301.921935247,267.194152138,12.66833
2015-06-16 14:30:00,5.57439246158,5.177622,1008.155,91.48686,4.70564344204,308.303812825,200.458570209,11.50922
2015-06-16 15:00:00,7.58439150925,5.362739,1008.183,91.64381,4.96631319672,310.292774282,250.370671109,10.63668
2015-06-16 15:30:00,7.05100074154,5.162967,1008.081,92.68665,5.34151857217,309.436078308,304.89050764,10.28761
2015-06-16 16:00:00,9.56041496478,5.506666,1008.006,91.28697,4.84685055412,314.277331407,255.89112467,10.19731
2015-06-16 16:30:00,17.818536493,5.800133,1007.983,90.35725,5.21291870699,315.060140585,320.298786659,10.09286
2015-06-16 17:00:00,16.3886067923,5.805105,1007.814,89.68687,5.01747462588,312.7149305,237.750641597,10.39298
2015-06-16 17:30:00,15.5963712595,5.780572,1007.772,88.58326,5.00181668453,314.227257299,261.488121222,10.5151
2015-06-16 18:00:00,16.1231199975,5.882694,1007.647,86.84077,4.64230066245,314.623493142,213.858380865,10.22298
2015-06-16 18:30:00,21.7712581753,6.011622,1007.507,86.08044,4.81691065369,310.191323291,218.85404019,9.998579
2015-06-16 19:30:00,7.90080456244,5.325605,1007.38,86.09499,5.66832548076,311.360795505,134.677983308,9.887457
2015-06-16 20:00:00,8.93598445453,5.4061,1007.494,85.31529,5.42703270646,308.901948181,119.129306099,8.534378
2015-06-16 21:00:00,7.17622099626,5.446661,1007.309,83.47218,4.21573781783,298.392873364,88.8342147684,6.839909
2015-06-16 22:30:00,11.036353092,5.256161,1007.208,83.43134,3.29345329713,299.9945315,42.7716674494,7.965457
2015-06-17 01:30:00,1.1934160947,3.671428,1007.097,91.27586,3.60564019002,308.297748322,28.1309714233,4.934096
2015-06-17 02:00:00,1.35633485711,3.698094,1007.03,91.18961,4.0492167289,324.019027901,23.8975680446,4.240075
2015-06-17 08:00:00,7.09180924682,4.377778,1006.083,86.25057,2.57832117425,318.275811206,112.562133953,4.814184
2015-06-17 08:30:00,10.495691882,4.704944,1005.826,84.79961,2.62531329999,319.758475602,179.233334422,5.332437
2015-06-17 09:00:00,13.2553078141,5.122844,1005.603,82.69198,2.81538308648,327.568965781,196.484389211,5.985282
2015-06-17 09:30:00,13.5933951242,5.419466,1005.472,81.10428,3.10066534015,321.198800604,200.337262879,7.442939
2015-06-17 10:00:00,18.2819664994,5.513906,1005.406,80.58354,3.23571834903,312.53290417,198.821064883,8.38004
2015-06-17 10:30:00,20.8512038868,5.674683,1005.284,80.25341,3.95431942003,318.269332701,202.606593461,8.925734
2015-06-17 11:00:00,15.3464755643,5.747438,1005.272,81.0154,4.43515832571,318.803099087,230.672494087,8.983987
2015-06-17 11:30:00,22.8808190481,5.787783,1005.262,81.93219,4.68478949827,325.073177817,247.057707151,8.99632
2015-06-17 12:00:00,27.1241356074,5.677956,1005.275,83.96855,5.52508355758,329.170881837,372.115674923,8.918867
2015-06-17 12:30:00,48.8553953471,6.312283,1005.255,79.47189,4.1136390295,318.359501922,405.963547167,8.511081
2015-06-17 13:00:00,48.8972464473,6.063594,1005.249,79.92095,3.87629735117,323.602515746,217.587122687,10.11923
2015-06-17 13:30:00,26.4738238568,6.079077,1005.263,80.18848,4.20194243145,323.48751379,198.181697318,10.7212
2015-06-17 14:00:00,32.6343723894,6.131717,1005.326,78.2606,3.56463447475,319.820200873,228.240836115,10.41003
2015-06-17 14:30:00,26.41891052,6.109777,1005.261,77.0574,2.90898020568,301.673147531,149.272974984,10.4826
2015-06-17 16:00:00,14.6810061671,5.653306,1005.156,81.38611,3.76181115742,316.724131447,101.572038529,9.291329
2015-06-17 17:00:00,7.41096124876,5.551922,1004.835,84.6291,4.47798658175,326.942713715,128.386837118,7.676966
2015-06-17 17:30:00,10.3305141183,5.622416,1004.641,83.51355,4.81584078322,328.873686361,142.983942672,7.348948
2015-06-17 18:00:00,9.38636684628,5.607189,1004.572,82.91415,4.35564654158,324.546177562,109.867927616,7.427437
2015-06-17 18:30:00,8.78101667501,5.533694,1004.497,81.9455,3.66228796705,317.419640735,75.6586526967,7.226373
2015-06-17 19:00:00,9.84134011506,5.602222,1004.391,80.75785,3.03572160873,314.81338161,82.53094703,6.790763
2015-06-17 19:30:00,8.50769469321,5.611156,1004.246,81.81953,3.40959512531,319.718734037,96.1109334341,6.470698
2015-06-17 20:00:00,7.79745029106,5.62015,1004.146,81.05065,3.03073800892,323.195449255,72.7952216434,6.56636
2015-06-17 21:00:00,9.42296940477,5.663061,1003.976,76.63236,3.41842761375,245.812753796,68.7692602902,6.024369
2015-06-17 21:30:00,8.10359867485,5.613216,1003.985,77.33437,2.67213484666,221.164790222,68.0903516783,5.693067
2015-06-17 22:00:00,9.41895840031,5.441861,1003.909,78.46548,2.6796987404,224.673130758,55.585118697,5.77945
2015-06-17 22:30:00,5.74897569277,5.264111,1003.825,81.70992,2.58823123937,252.318289625,48.2017838366,5.788786
2015-06-18 03:30:00,1.0353164297,4.030139,1003.785,87.64433,1.80424752436,265.06624375,16.0061168381,2.875559
2015-06-18 10:30:00,2.15757662471,4.189628,1004.62,90.13102,3.53154461824,325.134040667,96.7273414616,5.639205
2015-06-18 11:00:00,4.14662394899,4.409711,1004.746,90.2467,3.78261051969,323.142509933,113.872720365,5.724522
2015-06-18 11:30:00,2.7144576467,4.41705,1004.823,90.19683,3.93750717738,320.945793011,114.804397797,5.919703
2015-06-18 12:30:00,2.2782115734,4.4809,1005.167,89.38611,4.07117658312,318.074592355,99.4656984625,6.285187
2015-06-18 13:00:00,4.04836064244,4.530144,1005.284,89.59698,4.27786133326,318.906460513,138.652033767,6.079755
2015-06-18 14:00:00,3.72275082764,4.656161,1005.426,88.72565,4.07624732328,321.049305125,112.249822054,6.665279
2015-06-18 14:30:00,4.29613530597,4.631538,1005.628,90.06985,4.17059141641,321.991670831,129.246289484,6.588769
2015-06-18 15:00:00,4.74323117672,4.697817,1005.736,89.6132,3.69778875173,326.177645065,135.253970302,6.651388
2015-06-18 16:00:00,6.32677376457,4.851377,1006.024,84.84726,2.00930117536,339.330541572,124.445988736,7.437348
2015-06-18 17:00:00,14.8513560887,5.232283,1006.254,82.01091,2.3488198911,326.862726677,132.762775184,8.093826
2015-06-18 17:30:00,9.94127696212,5.093816,1006.224,81.56101,2.86082753866,317.943124309,107.963392332,8.424015
2015-06-18 19:00:00,6.2886931327,4.854589,1006.356,82.05892,3.78468080682,320.974801253,95.5243441325,7.281769
2015-06-18 20:00:00,6.62396800585,4.770444,1006.419,81.87697,3.43645019634,315.692365859,63.2282006475,6.350647
2015-06-19 02:00:00,1.58592959018,4.24795,1007.834,87.00493,3.54939900793,314.061888012,47.4729719437,3.776971
2015-06-19 07:30:00,15.4028397693,5.03485,1008.937,80.80936,2.77626612247,317.427135567,190.013838476,6.452449
2015-06-19 09:00:00,11.0083096679,4.821294,1009.219,82.9966,3.75029903764,319.41545094,167.317035581,8.572523
2015-06-19 09:30:00,11.6565586701,4.829988,1009.376,83.2506,3.83675092114,314.867453084,179.122407577,8.480951
2015-06-19 10:30:00,18.928645337,5.255339,1009.505,81.82586,3.87898476333,315.440901266,285.790317669,8.278274
2015-06-19 11:00:00,27.9564695811,5.48275,1009.648,80.74458,4.06763713132,317.058799274,357.660804179,8.250497
2015-06-19 11:30:00,36.9795293072,5.412983,1009.73,81.78075,4.41537692985,322.480629087,284.026438952,9.034699
2015-06-19 12:00:00,34.890612608,5.633983,1009.853,81.05546,4.16268822216,320.098422685,370.311684841,9.093711
2015-06-19 12:30:00,23.8671130806,5.5798,1009.973,81.68777,4.39806638297,317.573636169,247.391411785,9.037165
2015-06-19 13:00:00,15.0673549685,5.376644,1010.141,82.31411,4.31648407563,313.057116382,206.529878122,8.996581
2015-06-19 14:00:00,19.707091688,5.601394,1010.173,82.03316,4.33917660294,320.073086701,214.563548185,8.530134
2015-06-19 14:30:00,23.59193192,5.657955,1010.25,82.4242,4.26852659813,321.686572013,197.902703646,8.607367
2015-06-19 15:30:00,14.9424594107,5.507277,1010.377,82.29787,4.27566480778,325.469274048,165.731882315,8.689317
2015-06-19 16:00:00,14.0707107134,5.454211,1010.354,82.48872,4.30563329638,323.857043357,149.341545623,8.469582
2015-06-19 16:30:00,12.5815783647,5.401,1010.368,83.22291,4.34813475037,322.816788263,149.686311948,8.141678
2015-06-19 17:00:00,10.9726913023,5.333889,1010.502,83.46883,4.59076243772,322.446990018,154.492001969,7.827778
2015-06-19 17:30:00,8.91599629753,5.185044,1010.602,84.69705,4.46483583066,319.661794293,130.78008949,7.66083
2015-06-19 18:00:00,8.22326102915,5.159144,1010.633,84.36496,4.37130684828,315.773871865,133.709022814,7.169264
2015-06-19 20:00:00,4.53748040953,4.977567,1010.693,84.48473,3.63052782223,324.57566166,69.4782615781,6.002297
2015-06-19 20:30:00,5.3168978828,5.058133,1010.71,83.66783,3.26123856335,322.817513951,69.9474808767,5.551793
2015-06-19 21:00:00,4.99249656981,5.042378,1010.807,83.69548,3.57667631077,322.006316822,70.1384622707,5.341454
2015-06-19 21:30:00,6.8703002515,5.024294,1010.882,83.2314,3.36061294307,325.425615418,65.5309595174,5.208895
2015-06-20 00:00:00,3.50664297443,4.719322,1011.102,84.69813,3.40339361648,325.325614948,43.424391481,4.227384
2015-06-20 03:30:00,4.31344507585,4.679355,1011.51,87.49857,2.9447351144,317.247834253,90.064044884,3.706661
2015-06-20 04:00:00,4.28492114462,4.831733,1011.545,85.86636,3.04369224424,323.421464641,101.174594602,4.320962
2015-06-20 04:30:00,5.30808849856,4.905705,1011.512,85.34249,3.10517502898,328.028030078,108.559439301,5.003329
2015-06-20 06:00:00,5.66618772201,4.976227,1011.402,84.25476,3.1170839628,324.08032351,84.2867083951,6.581141
2015-06-20 08:00:00,22.5015126795,5.758778,1011.444,79.99171,3.35148099628,329.218294289,281.985541174,6.336625
2015-06-20 08:30:00,44.1612616663,6.217377,1011.383,78.02323,3.24212147836,328.204110678,371.898620481,7.407398
2015-06-20 09:00:00,43.5451856306,6.217438,1011.43,77.26965,3.24348935254,325.606772944,357.344992616,8.858928
2015-06-20 09:30:00,55.0111738136,6.313216,1011.455,77.83414,3.80768161349,316.760436081,376.036118097,10.10524
2015-06-20 10:00:00,46.3799818016,6.222966,1011.42,79.36781,4.40535375134,314.250596395,310.142952277,10.63821
2015-06-20 10:30:00,43.2478003323,6.206089,1011.498,78.44435,4.62911328522,313.452613167,420.924339714,10.3474
2015-06-20 11:00:00,60.3448868429,6.388244,1011.616,76.30756,4.77191822453,315.634367017,377.701745252,9.788385
2015-06-20 11:30:00,75.5734549189,6.598911,1011.627,75.31414,5.1104431749,317.448259168,447.231758254,9.089967
2015-06-20 12:30:00,31.2881928294,6.20156,1011.588,77.01392,4.84240367002,317.343088142,241.128257761,9.053327
2015-06-20 13:30:00,39.5672574042,6.238333,1011.642,76.23972,4.73331239088,315.421020592,255.236359489,8.810802
2015-06-20 14:00:00,63.2532705627,6.66055,1011.647,75.29718,4.48852382362,317.571505487,412.616012761,8.545568
2015-06-20 14:30:00,68.2941078907,6.874499,1011.77,75.0269,4.48814656287,316.134598016,394.614854226,9.193148
2015-06-20 15:00:00,68.346449652,6.841233,1011.619,75.91768,4.95763824689,317.690842878,400.001267269,9.75578
2015-06-20 15:30:00,66.8748400181,6.919144,1011.712,76.43176,4.75956220117,318.245224531,368.403788563,9.753884
2015-06-20 16:00:00,77.9338540692,7.091239,1011.676,75.42838,5.18558626482,312.064537339,417.839528943,9.378591
2015-06-20 16:30:00,57.6475319927,6.822317,1011.547,76.95055,5.51699642021,312.931268925,300.319186971,9.995339
2015-06-20 17:30:00,24.4349512399,6.263211,1011.616,77.71983,5.75881192604,316.779767457,201.197681716,9.244637
2015-06-20 18:00:00,24.3297850486,6.174072,1011.65,77.49818,5.44610722747,317.033789317,152.470399545,8.303346
2015-06-20 18:30:00,19.7318866124,6.104049,1011.765,76.92945,5.11900437838,318.289788073,120.21308104,7.483594
2015-06-20 19:00:00,22.7276186174,6.060322,1011.826,76.91782,5.10735484545,321.776777819,115.299778496,6.681857
2015-06-20 19:30:00,21.2426303459,6.10301,1011.851,76.7887,4.84100393811,322.572556684,106.807096298,6.022886
2015-06-20 20:00:00,26.1496747874,6.301394,1011.889,76.23733,4.56197359017,325.949133072,141.135099424,5.440468
2015-06-20 20:30:00,31.5492840153,6.17145,1012.023,75.9947,4.34444404692,319.398529543,90.7011691313,5.727124
2015-06-20 21:00:00,16.2565064069,6.007116,1012.128,76.17566,4.24389122908,318.442797452,68.3537317397,5.718711
2015-06-20 21:30:00,12.8197580863,5.925372,1012.239,76.43967,3.93002822986,319.239667763,58.9950145154,5.237517
2015-06-20 22:00:00,14.2855124849,5.88301,1012.431,76.67857,4.03827938366,320.156939717,59.9747546601,4.692241
2015-06-20 22:30:00,23.1368723892,6.170883,1012.402,75.56863,4.19413638482,318.643162836,81.9520948198,4.299507
2015-06-20 23:00:00,10.3618459631,5.740788,1012.447,77.77577,4.29635739541,321.042005827,38.3401495158,4.721459
2015-06-20 23:30:00,7.68703213392,5.598489,1012.593,78.33367,4.23262435607,318.889594544,33.2714776714,4.394248
2015-06-21 00:00:00,4.93994689693,5.43205,1012.718,79.38738,4.05249120713,315.49618519,27.5968053252,3.836754
2015-06-21 00:30:00,6.03313885441,5.202827,1012.843,79.47859,4.3823476157,317.165876577,20.3753402607,3.41878
2015-06-21 01:00:00,3.7960340793,5.031827,1012.875,80.78678,4.05431891682,320.979376091,19.7698124174,2.982217
2015-06-21 01:30:00,2.71807742464,4.809428,1012.936,81.33342,4.21750805308,320.294683088,24.7353487439,2.647373
2015-06-21 02:30:00,2.15309469521,4.59815,1013.348,83.22334,3.72847238711,309.734039308,10.6216833046,2.174304
2015-06-21 03:00:00,1.0941207935,4.5694,1013.434,83.9789,2.85146101865,287.098222358,11.0501842892,1.988271
2015-06-21 05:00:00,6.78645985894,4.959094,1013.879,82.83437,2.18912402728,295.716659072,37.7168314244,2.410892
2015-06-21 06:30:00,8.70012778306,5.337911,1013.942,80.58139,3.1011042284,317.881425239,86.8195067834,3.590426
2015-06-21 07:00:00,12.1670447559,5.4813,1014.106,79.034,2.85902128079,321.439846556,98.9748583033,4.048025
2015-06-21 07:30:00,15.1015403539,5.646394,1014.25,78.31068,2.77578865395,313.945300603,115.065740252,4.577078
2015-06-21 08:30:00,18.8493447492,5.957505,1014.351,76.33945,2.92560369255,316.774948447,168.137136762,5.834785
2015-06-21 09:00:00,16.2645266251,5.998127,1014.524,76.78162,3.27262673709,316.993746149,131.970699782,6.725024
2015-06-21 09:30:00,16.8771043863,6.039577,1014.672,77.86882,3.88590061428,318.991108982,172.546927321,7.194866
2015-06-21 10:00:00,22.2505234547,6.348755,1014.886,76.93032,3.8673405433,315.575655559,218.123099543,7.166801
2015-06-21 10:30:00,29.5273420753,6.569883,1014.986,75.52956,3.24420481073,313.711856483,247.021106328,7.5128
2015-06-21 11:00:00,31.809228226,6.723255,1015.127,75.20582,3.31691062585,311.740635859,250.887329754,8.155679
2015-06-21 11:30:00,28.0827688161,6.795238,1015.194,75.62469,3.54507033818,309.147625416,228.229187267,8.939042
2015-06-21 14:30:00,31.601503363,6.996216,1016.393,72.58229,4.29209974825,325.051366546,209.448862816,8.172454
2015-06-21 15:00:00,27.9458347531,6.669033,1016.467,75.40256,5.04849719711,327.856986883,185.810125768,8.49075
2015-06-21 15:30:00,25.1770462385,6.793661,1016.672,74.7534,4.7366906871,324.988240179,199.585880084,8.18556
2015-06-21 16:00:00,31.061581204,6.750488,1016.875,74.62437,4.42701121313,325.373468239,175.005035686,8.07818
2015-06-21 16:30:00,31.8643989738,6.644217,1016.947,74.50838,4.3268477479,325.416889254,134.949034334,8.09251
2015-06-21 17:30:00,20.6823993757,6.643827,1017.25,73.20899,3.9086026929,322.792687111,110.482260709,7.146658
2015-06-21 18:00:00,21.3499925285,6.562372,1017.361,74.05488,4.15857822408,322.159200469,100.79312456,6.767469
2015-06-21 18:30:00,13.390647559,6.443749,1017.461,76.52378,4.60222588274,322.309887584,91.9985577847,6.407821
2015-06-21 19:00:00,12.9449657032,6.322299,1017.563,77.84169,4.51570227359,323.469428678,85.5537683662,5.973541
2015-06-21 19:30:00,11.2733893738,6.254794,1017.655,78.16366,4.69563087022,322.575374175,83.1948466731,5.614116
2015-06-21 20:30:00,15.0955305936,6.555505,1018.088,75.8791,4.01274302808,315.006781615,84.332210196,5.14295
2015-06-21 21:00:00,12.9268925776,6.330605,1018.222,77.52494,4.55386276828,320.487526171,69.2323782142,5.252731
2015-06-21 21:30:00,7.80976005909,6.126894,1018.383,79.05118,4.57873967313,326.004499333,62.5777346564,5.196717
2015-06-21 22:00:00,11.1628674137,6.198333,1018.607,77.48951,4.05244219639,328.976131788,60.1454421238,4.806114
2015-06-21 22:30:00,9.38003153157,6.227839,1018.891,77.17498,3.65661486314,330.374997929,51.0705279989,4.614271
2015-06-21 23:00:00,9.31977012522,6.175961,1019.059,77.75035,3.72950727364,329.942497293,45.539470126,4.471065
2015-06-21 23:30:00,8.67701934609,6.268738,1019.116,77.55592,3.59577639741,324.496055683,48.8876265287,4.258072
2015-06-22 00:00:00,6.90658514706,6.233055,1019.294,78.68065,3.4852854564,315.96061015,45.7432731783,4.208973
2015-06-22 00:30:00,6.71845904432,6.084744,1019.38,79.35393,3.54906027545,320.64049592,43.1371532985,4.308555
2015-06-22 01:00:00,3.48214183834,6.009528,1019.492,79.88859,3.49490550706,319.328875187,41.3239464713,4.31351
2015-06-22 01:30:00,4.0179748722,6.020172,1019.552,79.86153,3.2425535206,317.667758999,45.1453999846,4.20321
2015-06-22 02:00:00,3.09752423114,5.72085,1019.725,81.32141,3.27740918877,317.359316138,19.1508061849,4.343708
2015-06-22 03:00:00,4.85151925234,5.809833,1019.909,80.70014,3.37585244466,308.675392153,40.4341563333,3.8371
2015-06-22 03:30:00,7.83770939871,6.147183,1019.996,79.13486,3.57520146971,309.785909647,69.2345410552,3.69424
2015-06-22 04:00:00,10.7136656592,6.221933,1019.913,77.15969,3.10596904047,307.859904758,98.6721514388,4.055164
2015-06-22 04:30:00,15.8519989541,6.542511,1019.933,75.63385,3.13553374468,310.84366871,116.478368571,4.72722
2015-06-22 05:00:00,6.62862930098,6.021027,1019.87,79.37206,3.11447648008,312.823506417,68.9851055955,6.010447
2015-06-22 05:30:00,4.9560265347,5.89806,1019.977,80.65186,3.68040012585,322.154465517,71.2071846378,6.428005
2015-06-22 06:00:00,9.70879364747,6.0895,1020.033,78.95079,4.1193558827,322.387116364,96.6414676572,5.828962
2015-06-22 06:30:00,27.810137955,6.812156,1019.993,75.44827,4.50037779924,316.749915412,223.49085333,5.036501
2015-06-22 07:00:00,25.6221282685,6.83521,1020.084,74.56371,4.39819666494,321.383994779,185.018349816,5.484396
2015-06-22 07:30:00,26.055646051,6.773478,1020.26,74.05717,4.06107231774,324.335801838,220.292687643,6.226528
2015-06-22 08:00:00,36.6269857771,7.093294,1020.235,72.33628,4.67492818605,322.431543967,295.846966692,6.189357
2015-06-22 09:00:00,19.9401032464,6.608883,1020.43,71.44753,3.91080526633,319.304168737,116.763381712,8.03162
2015-06-22 09:30:00,34.6471967347,6.892189,1020.424,71.6176,4.25433221706,320.081598861,210.94517228,7.253148
2015-06-22 10:30:00,60.2450682166,7.25145,1020.512,68.3665,5.00312245786,321.937483652,356.406262188,6.793439
2015-06-22 11:00:00,90.9818474789,7.587322,1020.515,71.16637,5.1917823952,321.045610187,460.302947802,6.564606
2015-06-22 11:30:00,77.816223492,7.615422,1020.514,70.69947,4.97889777779,320.424681806,423.462404287,7.249314
2015-06-22 12:00:00,91.5852791983,7.716511,1020.548,69.30865,4.86384503091,320.502699289,426.387152319,7.378395
2015-06-22 12:30:00,66.2112953127,7.657572,1020.562,71.70492,5.23706744678,320.368145999,430.045007521,7.307283
2015-06-22 13:00:00,60.4116664382,7.579439,1020.592,72.21709,5.41694610212,321.80103856,430.456783974,7.337347
2015-06-22 13:30:00,75.9006252828,7.7411,1020.555,71.49845,5.32966364506,319.047278689,419.495312551,7.805964
2015-06-22 14:00:00,92.1896069905,7.884144,1020.508,69.98551,5.69171832842,317.234575534,418.055400602,8.241324
2015-06-22 14:30:00,93.2937104895,8.043355,1020.541,68.90277,5.30021223318,319.429390843,408.02242518,8.598409
2015-06-22 15:00:00,66.7649405559,7.672766,1020.661,69.24503,5.44518153565,318.824741178,255.270248415,9.370494
2015-06-22 15:30:00,54.6668085434,7.644055,1020.723,69.82154,5.34239470153,316.599723244,198.418119427,8.595596
2015-06-22 16:00:00,64.5050874243,8.052644,1020.551,69.49252,5.47613900053,321.163816226,339.57362122,7.116654
2015-06-22 16:30:00,64.9449789155,8.074489,1020.693,68.81776,5.35345175083,318.667633211,272.669977425,6.95963
2015-06-22 17:00:00,63.7289987292,8.027805,1020.495,69.27103,5.10134422819,319.331771822,259.471857676,7.568165
2015-06-22 17:30:00,63.6150933031,8.183306,1020.453,68.53883,5.02309654722,315.838353107,266.600583809,7.652218
2015-06-22 18:30:00,50.4855021417,8.129383,1020.378,69.42949,5.6440204851,322.163059901,235.702101609,8.467286
2015-06-22 19:00:00,33.067860468,7.722222,1020.318,69.92783,5.62978600156,320.76662345,177.53291723,8.942978
2015-06-22 19:30:00,53.404397625,8.0225,1020.374,70.01487,5.37327535214,322.372121012,219.782336841,7.833904
2015-06-22 20:00:00,42.1024811437,7.570661,1020.405,71.48695,5.13802457981,321.764011566,136.161117129,7.971514
2015-06-22 20:30:00,35.7206105193,7.369605,1020.511,72.87754,5.03373226704,320.727713868,124.88397269,7.449473
2015-06-22 21:00:00,21.5617193372,7.197022,1020.537,75.78921,5.04515648868,320.282161741,102.467495262,6.886806
2015-06-22 21:30:00,20.1754542602,6.929122,1020.542,76.76147,5.16726683719,315.665725523,95.6775451289,6.510706
2015-06-22 22:00:00,14.8937718534,6.756522,1020.586,76.95602,5.17727494276,310.152312385,69.6367500652,6.120933
2015-06-23 09:30:00,7.74172725472,6.05191,1021.105,85.10719,4.02923304485,319.737869628,125.246279498,6.072834
2015-06-23 10:00:00,7.93503942818,6.186455,1021.016,84.35959,3.93091664385,314.857617679,168.384182626,6.092255
2015-06-23 12:00:00,7.65751179795,6.182472,1021.045,83.17467,3.36062316665,312.592125591,106.296315136,6.757743
2015-06-23 13:00:00,10.9621875765,6.821861,1020.974,77.71993,2.68000068336,328.657713231,149.010658998,6.489311
2015-06-23 13:30:00,20.0777003597,7.184283,1020.893,75.68168,3.15107915676,329.219868742,165.086775147,6.769441
2015-06-23 14:00:00,26.0542102843,7.416133,1020.839,72.68836,1.92339301407,277.306211192,163.624441148,7.453994
2015-06-23 15:00:00,89.8139384953,8.448094,1020.763,66.33501,3.45181986943,234.248077849,466.360587347,7.415215
2015-06-23 15:30:00,86.4631648597,8.095144,1020.693,66.88831,3.78820465733,248.039102987,250.210469114,9.566354
2015-06-23 16:00:00,103.099784615,8.407572,1020.518,66.26599,4.02766312548,243.499541934,388.223703888,10.21217
2015-06-23 16:30:00,31.7106028175,7.259888,1020.397,71.49232,4.14899361633,232.462796905,116.18489122,11.52341
2015-06-23 19:00:00,28.3788958504,6.963861,1020.148,75.41591,4.18210241818,248.652487983,140.860608945,7.091509
2015-06-23 20:00:00,17.0277634083,6.158461,1020.291,77.86194,4.72831120432,249.887044346,94.2403891353,7.130135
2015-06-23 22:00:00,18.0039558987,6.110933,1020.372,70.00903,2.68404711659,252.744724293,54.7707412148,4.618881
2015-06-23 22:30:00,18.6556709497,5.874833,1020.268,71.42728,3.23921949374,247.572208986,43.6579198595,4.508005
2015-06-23 23:00:00,14.5810629253,5.606033,1020.174,74.19198,3.76301101048,246.392152076,39.355480506,4.175549
2015-06-23 23:30:00,11.666968545,5.537011,1020.135,74.06088,3.59274582992,258.501629097,29.5957427382,3.737404
2015-06-24 00:30:00,8.06539970713,5.411278,1020.13,75.77579,3.1394418746,245.048467286,26.4202933287,3.027312
2015-06-24 01:00:00,6.91604009917,5.181155,1020.073,77.36166,3.45867761015,236.852273222,19.0935956063,2.883012
2015-06-24 02:30:00,9.12024213394,5.330266,1019.996,73.74426,3.4466481039,241.529902575,19.7008893087,2.349334
2015-06-24 03:00:00,8.74204337025,5.344011,1019.896,75.98226,2.96444520227,247.238317982,30.3568723739,2.159016
2015-06-24 03:30:00,7.3773556266,5.263433,1019.718,78.29626,4.1278895321,240.9482196,40.9145157381,2.115272
2015-06-24 04:00:00,7.36992623322,5.357244,1019.504,78.7718,3.64845530586,242.786116214,46.9913223518,2.135742
2015-06-24 04:30:00,8.43019339239,5.107705,1019.436,80.09548,3.35920178698,235.619732156,45.5726856335,2.458047
2015-06-24 05:00:00,12.8108009388,5.072177,1019.452,80.08822,1.98314262774,271.366347072,33.3344050622,2.734074
2015-06-24 05:30:00,8.49434704141,5.2916,1019.352,79.49672,1.97750100516,250.203244694,39.6510128351,2.897816
2015-06-24 06:30:00,6.62090428964,5.463794,1019.105,80.28552,0.940298631938,241.531186535,42.1695675169,3.259989
2015-06-24 07:00:00,7.46069120616,5.695883,1018.981,78.64157,1.90976100439,274.231131057,52.6368204267,3.523929
2015-06-24 08:00:00,3.91585940347,4.876489,1018.804,87.74541,5.4010745729,328.087931424,64.5707129563,4.078183
2015-06-24 08:30:00,2.89036044114,4.829383,1018.84,88.63561,4.91457017482,328.990181778,68.4057515738,3.884795
2015-06-24 09:00:00,5.03754959101,4.9567,1018.83,88.20315,4.82291755147,333.021204324,82.3498645473,3.773805
2015-06-24 09:30:00,5.14450078377,4.92355,1018.797,88.44827,4.70968991773,335.778751235,70.6006199706,3.892675
2015-06-24 10:00:00,8.70726991911,5.050838,1018.689,87.53902,4.48529797023,334.224100717,95.0543168702,3.989513
2015-06-24 11:00:00,9.67778882769,5.116278,1018.561,89.56056,5.14978776851,334.758814625,163.251047759,4.394856
2015-06-24 11:30:00,3.05382691756,4.962706,1018.603,92.04691,5.43359227936,335.748123259,147.63502539,5.099354
2015-06-24 12:00:00,10.5818309544,4.922855,1018.556,91.45326,5.50684854073,336.837981917,128.849542344,5.76685
2015-06-24 12:30:00,9.04488337027,5.097816,1018.387,89.03751,5.39961833087,335.34511374,113.429408032,5.959905
2015-06-24 13:00:00,1.99558716569,4.976417,1018.277,88.12122,5.54286744778,335.96517285,79.9933414668,5.958522
2015-06-24 13:30:00,12.5236774086,5.003,1018.273,85.61147,4.71514915913,330.068857495,70.5837160356,5.547076
2015-06-24 14:30:00,9.12171629899,5.007216,1018.036,84.50945,4.15595704433,329.706309321,75.4297206919,4.691509
2015-06-24 15:00:00,8.66170797458,4.958994,1018.016,83.83577,4.36902987403,330.411752145,78.1857293859,4.560457
2015-06-24 15:30:00,6.86061419788,4.988067,1017.853,85.88575,4.47740695551,335.531805185,95.9338543288,4.40218
2015-06-24 16:00:00,8.04973275375,5.055289,1017.703,85.98035,4.30842069056,333.581178038,104.75898593,4.304789
2015-06-24 16:30:00,7.80965978486,4.950083,1017.568,85.91749,4.28750128273,339.295371217,76.9973916705,4.817948
2015-06-24 17:00:00,6.4647564114,4.863417,1017.592,86.50838,4.64255750242,334.037189701,71.8495600841,4.922958
2015-06-24 17:30:00,5.24482506025,4.731778,1017.521,87.22625,4.79919410473,336.631438956,61.2127900099,4.780899
2015-06-24 18:00:00,3.95465728913,4.678189,1017.416,86.9389,4.46190317074,334.777023207,65.6760297151,4.456796
2015-06-24 18:30:00,6.12708326382,4.759633,1017.387,86.78966,4.2193972855,332.876156352,70.5645192451,4.134458
2015-06-24 19:00:00,5.93574567239,4.869983,1017.345,86.94133,3.64818960087,323.410410658,67.059264908,3.967244
2015-06-24 19:30:00,5.36677041215,4.7679,1017.303,88.85294,4.25525833908,315.474707304,75.5429112124,4.051607
2015-06-24 21:00:00,6.21076406574,4.649672,1017.08,86.06729,3.5169163033,317.467060012,66.5095443823,4.603555
2015-06-24 21:30:00,6.1799513696,4.67565,1016.94,85.42322,3.1276123242,311.82091522,65.5608165632,4.513081
2015-06-24 22:30:00,5.16174969204,4.687616,1017.118,84.46575,3.64459428323,309.9864821,58.7345833539,4.510139
2015-06-24 23:30:00,5.74458063118,4.562683,1016.983,84.78914,3.10297543882,308.17321854,40.235677817,4.465065
2015-06-25 01:00:00,4.7110750034,4.354189,1016.679,88.07693,1.59777972999,314.760367111,36.6730143237,3.703928
2015-06-25 02:00:00,2.76774174363,4.291222,1016.532,88.75406,2.43946705726,307.687064517,41.4171302063,3.772234
2015-06-25 04:00:00,9.77671976851,4.424605,1016.451,88.0088,1.69861699518,313.060260359,74.9191172516,4.478231
2015-06-25 07:30:00,17.8695789692,4.5083,1015.528,89.06983,1.86652906644,352.596967753,194.417244202,5.866559
2015-06-25 08:00:00,34.4708755672,5.089733,1015.454,86.50715,1.74323963203,348.944717355,271.756378652,5.898307
2015-06-25 08:30:00,40.2889752499,5.370667,1015.346,84.90203,1.79975941686,338.736027287,263.277704832,7.019164
2015-06-25 09:00:00,18.0048553465,5.031055,1015.292,84.83884,1.73034154764,313.092169577,102.645166438,9.919475
2015-06-25 09:30:00,15.5100817135,4.872666,1015.131,85.36208,1.97070593678,305.51779439,122.507853416,10.81864
2015-06-25 10:00:00,29.1089700416,5.2436,1015.128,85.07569,2.97747647713,319.454672174,216.049106429,9.907419
2015-06-25 10:30:00,23.055971788,5.029889,1015.084,84.58289,3.02520701539,325.302128518,131.545247164,9.800981
2015-06-25 11:00:00,38.7292586573,5.267472,1015.087,83.76714,2.82765731379,318.060250221,241.04018497,8.909532
2015-06-25 11:30:00,50.9741210537,5.954144,1014.925,81.08149,3.32366797175,312.20033216,335.938433184,7.962126
2015-06-25 12:00:00,53.4044887008,5.979266,1014.839,80.33896,3.53439610863,321.839267198,419.605963727,8.310716
2015-06-25 12:30:00,32.4395723823,5.797511,1014.702,81.10225,4.2576793359,316.840784776,263.712747219,8.531355
2015-06-25 13:00:00,41.2371360592,5.864995,1014.621,81.04379,4.23818367991,312.930029769,265.460897131,8.773762
2015-06-25 13:30:00,59.5972319669,6.230811,1014.618,79.12643,4.41776189349,315.247054758,374.160688016,8.268682
2015-06-25 15:00:00,43.5023317849,6.364861,1014.47,77.05716,4.76041540659,317.7589702,324.396021968,8.748207
2015-06-25 15:30:00,29.5322738745,6.073967,1014.388,77.80151,4.55024673676,317.786827227,222.758163772,9.293828
2015-06-25 16:00:00,32.778004197,6.195005,1014.326,77.3884,4.33320236027,315.920223399,224.058564531,8.917884
2015-06-25 16:30:00,41.726264711,6.315505,1014.196,76.59153,4.6251331537,317.111579466,253.408029421,8.4086
2015-06-25 17:00:00,33.2540779993,6.066105,1014.157,76.93933,4.69158597184,317.301680736,180.145282544,8.547221
2015-06-25 17:30:00,32.7358780778,6.121555,1014.047,76.25893,4.46421450222,316.72979978,191.516795552,8.102715
2015-06-25 18:00:00,25.6218576783,6.042833,1013.99,76.26959,4.40815315434,315.570368718,177.807096047,7.573899
2015-06-25 19:00:00,18.3168743746,5.739916,1013.696,78.82362,4.48060685034,314.538150168,137.663772237,7.349051
2015-06-25 19:30:00,12.0500322159,5.488028,1013.536,80.50938,4.42128073539,312.233921299,103.35199554,7.013884
2015-06-25 20:00:00,10.8642603038,5.411983,1013.539,81.47512,4.35533593006,312.524981072,95.4317518294,6.363203
2015-06-25 20:30:00,12.6833444296,5.454428,1013.661,81.03385,4.16687844249,313.362441088,98.284429904,5.67179
2015-06-25 23:30:00,4.481409979,4.994294,1013.534,82.84122,2.62796646102,341.581051228,26.7023461165,3.825046
2015-06-26 00:00:00,3.86453623039,4.9238,1013.511,83.42584,2.93398979159,324.773735678,19.4492521369,3.459893
2015-06-26 00:30:00,4.23630069368,4.752211,1013.516,84.47464,2.9498110539,322.481460482,18.8977641852,3.110053
2015-06-26 01:00:00,2.29038379088,4.601572,1013.484,85.59158,3.1512488818,327.732407695,23.3141726964,2.783682
2015-06-26 01:30:00,5.28977722487,4.544506,1013.506,84.30047,3.07316082738,328.987270478,33.8366530833,2.531538
2015-06-26 02:00:00,6.4056042224,4.59915,1013.452,84.21284,3.02830536101,329.456896493,42.2110206,2.410881
2015-06-26 02:30:00,6.93869353524,4.696183,1013.302,84.87286,2.78729833161,326.048912479,51.2810554268,2.442452
2015-06-26 04:00:00,7.27893194536,4.635705,1013.195,83.75287,1.86854283105,319.405823594,55.655012433,3.348891
2015-06-26 04:30:00,10.3056981014,4.745239,1013.296,82.68157,1.4568632534,354.055691034,47.5826861621,3.684961
2015-06-26 05:30:00,15.1546543427,5.002044,1013.207,80.9684,2.06216226451,332.056779634,102.539530098,3.835752
2015-06-26 06:00:00,16.4063061235,4.938139,1013.063,80.55501,1.52424740001,336.980289903,93.6617017407,4.465942
2015-06-26 06:30:00,20.7433935849,5.201077,1013.115,78.82457,1.2273462753,336.783486201,137.972191348,4.964455
2015-06-26 08:00:00,9.08248814429,4.122133,1013.384,86.23757,1.68505020302,207.030101197,80.4388136833,6.951733
2015-06-26 09:00:00,12.8624131694,4.7665,1013.642,84.83801,1.12972088835,125.013419905,151.296126665,6.213789
2015-06-26 10:00:00,30.9839488343,5.265511,1013.371,80.7903,2.29370190338,300.292585721,181.330248157,8.155984
2015-06-26 10:30:00,19.2826931327,4.998755,1013.296,82.71651,2.69422544268,306.183389309,129.056206006,9.57775
2015-06-26 11:00:00,18.2205627823,5.033933,1013.489,81.90704,3.39446168552,314.296326243,116.548031908,9.447605
2015-06-26 11:30:00,22.0260742525,4.966433,1013.498,82.66546,3.25053579851,312.647775347,145.319816418,8.439055
2015-06-26 12:00:00,26.3309104505,5.274833,1013.405,82.14123,3.15926532358,316.395820928,253.98360667,7.422727
2015-06-26 12:30:00,39.4831029661,5.512128,1013.16,78.48165,2.56996891843,311.491658051,254.337802334,7.110383
2015-06-26 13:00:00,42.1090368185,5.807394,1013.092,77.93639,2.31744607723,277.895977033,314.719373028,7.102776
2015-06-26 13:30:00,25.9608668561,5.625922,1013.2,78.65556,2.75830985953,308.613781839,155.154328882,8.604855
2015-06-26 14:00:00,26.5413020864,5.628733,1013.204,80.36549,4.41967406468,326.304266335,163.584238936,9.540671
2015-06-26 14:30:00,21.5268798862,5.323349,1013.155,82.8132,5.85657065744,343.19409814,140.988828153,9.510161
2015-06-26 15:00:00,16.6677940915,5.101572,1013.197,84.29865,5.60064366171,346.307386823,166.156345303,8.120615
2015-06-26 15:30:00,18.7002347765,5.406838,1013.05,82.00851,5.04168685071,344.803661421,153.293670337,6.744369
2015-06-26 16:00:00,13.719369615,5.2442,1012.949,82.2609,5.8661728894,339.689007036,91.7057170435,6.490983
2015-06-26 16:30:00,15.8031239999,5.158978,1012.951,81.86292,5.10046426461,340.151130946,94.2492394191,5.597634
2015-06-26 17:00:00,12.904274683,5.046744,1012.882,81.13179,5.22445985297,344.065541608,99.6355754837,5.167038
2015-06-26 17:30:00,16.2773272953,5.186155,1012.86,79.63962,4.0994794712,339.345845643,89.9169264305,4.50593
2015-06-26 18:00:00,13.8513991454,5.323205,1012.841,80.38864,3.80351886664,324.74211865,102.363190521,4.140482
2015-06-26 18:30:00,9.26236675397,5.153222,1012.834,83.29001,4.45519906491,321.749621457,88.6473065099,4.198161
2015-06-26 19:00:00,11.5634297386,5.155266,1012.672,82.75809,4.50163741347,326.254163617,86.945199906,4.239122
2015-06-26 19:30:00,13.7845345966,5.179728,1012.583,82.11019,4.82803111857,326.297344176,109.417792154,4.23405
2015-06-26 20:00:00,10.8187204627,4.907311,1012.549,84.30101,4.55029958586,323.960018799,73.0910484294,4.37449
2015-06-26 20:30:00,4.69731617574,4.578661,1012.548,88.48891,4.3310650965,327.596951259,42.5609301407,4.271588
2015-06-26 21:00:00,2.78452860613,4.616983,1012.524,90.95528,3.5094864431,329.193681955,84.216069552,3.725058
2015-06-27 01:30:00,1.85191322411,4.330866,1011.802,92.69077,2.5922861016,329.490575453,17.0249112624,2.924752
2015-06-27 02:30:00,1.70989645641,4.3046,1011.605,95.22124,3.08153429557,334.631002188,32.8189414355,2.44875
2015-06-27 03:00:00,3.43881736586,4.473111,1011.52,94.62862,3.22126160135,336.832757908,30.0016772033,2.389601
2015-06-27 04:00:00,1.08722517027,4.5044,1011.393,95.26221,3.16338814896,337.852625949,41.5804213114,2.610571
2015-06-27 04:30:00,1.25513713326,4.4852,1011.347,95.21109,2.76437885616,332.089769654,33.6505697412,2.728142
2015-06-27 05:30:00,0.557134304808,4.337394,1011.079,95.75111,2.72192615634,330.888437017,34.1704684529,3.042764
2015-06-27 11:00:00,9.5326616933,4.920811,1010.378,88.74291,2.85033156928,160.493656033,123.846012338,6.532246
2015-06-27 14:30:00,9.66787831986,5.292317,1009.999,87.86728,2.97488307112,169.127665374,77.1160230029,7.221432
2015-06-27 15:30:00,6.47467999123,5.380778,1009.915,88.62767,0.872944972759,312.321458597,73.3329825029,6.355686
2015-06-27 16:00:00,4.54859082698,5.205611,1009.956,91.89449,1.92671732977,313.855193514,73.8490522476,6.536926
2015-06-27 16:30:00,4.17161642704,5.067444,1009.913,93.65938,1.85710864311,319.220853922,94.3555798267,6.635412
2015-06-27 17:00:00,10.3454529054,5.37505,1009.948,93.29294,1.16031676604,331.125964453,135.693230268,6.473676
2015-06-27 17:30:00,21.1176817675,5.61885,1009.805,90.15534,1.58164848096,173.234341909,121.742617151,7.300995
2015-06-27 19:30:00,3.92135140682,5.287278,1009.811,92.85691,2.75737288077,313.054771163,62.2373903866,7.502715
2015-06-27 22:30:00,5.14640398458,4.205167,1010.38,90.21461,5.44544956341,104.179723138,57.1493710385,4.74792
2015-06-27 23:00:00,2.48724852739,3.787983,1010.413,90.98985,5.54116012094,114.346473598,36.2095321639,4.419532
2015-06-27 23:30:00,1.50996898691,3.331428,1010.501,91.7701,6.15346720201,116.99947999,32.751571996,3.918224
2015-06-28 00:00:00,2.66244948756,3.047727,1010.642,91.64548,6.69791770615,116.999567211,29.0022640785,3.336728
2015-06-28 00:30:00,3.68955842226,2.854517,1010.764,90.95715,6.99205750702,118.604149301,24.8411451966,2.81793
2015-06-28 01:00:00,1.61715897711,2.762272,1010.895,90.80327,7.13449423529,120.775270619,29.606382721,2.253446
2015-06-28 01:30:00,2.81867173453,2.734694,1011.039,90.28849,7.14626614472,121.343168301,34.0098408738,1.785347
2015-06-28 02:30:00,2.31394134553,2.853883,1011.374,88.08292,6.85527214215,118.005641229,42.9689049755,1.370111
2015-06-28 03:00:00,8.46407567708,2.847477,1011.531,86.77106,7.09595041278,117.523483965,47.8340190323,1.366249
2015-06-28 03:30:00,7.00886441491,3.030661,1011.639,84.46735,6.76365451672,112.636859021,51.8100976038,1.371264
2015-06-28 04:00:00,9.83140913373,3.14475,1011.733,82.9901,6.97679801996,105.226291144,52.4282518392,1.422686
2015-06-28 04:30:00,8.90323731123,3.106594,1011.8,82.05958,7.04338799486,102.559416982,50.6280498602,1.516594
2015-06-28 05:00:00,9.25260582439,3.052733,1011.847,82.22103,6.99976277914,102.770635853,60.4089883514,1.485522
2015-06-28 05:30:00,7.98123032173,3.080711,1011.951,82.18446,6.90589930995,105.647782766,71.6205798099,1.395246
2015-06-28 06:00:00,14.0181287338,3.142939,1012.065,80.91593,7.30206343222,99.777760496,81.3654325741,1.534292
2015-06-28 06:30:00,14.4208547169,3.141689,1012.23,80.89543,7.49930032009,99.7437240228,87.9350449479,1.689594
2015-06-28 07:00:00,11.3938352438,3.158916,1012.481,80.22428,7.46085431795,99.939612963,94.5133455727,1.831811
2015-06-28 07:30:00,12.0956279985,3.238105,1012.736,79.61837,7.29260847225,97.7016498289,123.302098322,1.859597
2015-06-28 08:00:00,17.7659709971,3.279767,1012.911,78.73891,6.96567306833,96.8337565553,127.028057722,2.104023
2015-06-28 08:30:00,12.2993768102,3.331144,1013.06,79.01128,6.80283338847,98.5248879434,125.214844595,2.401427
2015-06-28 09:00:00,14.7016720701,3.273405,1013.223,78.63972,7.07139953902,96.7217075049,132.708655296,2.763973
2015-06-28 09:30:00,18.4994846395,3.383183,1013.305,78.12238,6.93047001178,97.2518465172,164.978933408,2.798158
2015-06-28 10:00:00,18.0785243868,3.400972,1013.538,78.40778,7.06425912334,97.8784558218,165.796155459,3.068237
2015-06-28 10:30:00,20.9983121179,3.4691,1013.773,77.83636,7.16273245413,99.1836446449,180.340569018,3.401556
2015-06-28 11:00:00,24.824336456,3.553183,1014.046,77.67211,7.44517962115,98.9546445223,205.429643509,3.589942
2015-06-28 11:30:00,22.9478570424,3.582561,1014.224,77.50272,7.0409795212,97.7335917646,162.590135472,4.049614
2015-06-28 12:00:00,16.646403874,3.508072,1014.397,77.63605,6.87673800316,97.1878919444,149.457896995,4.388078
2015-06-28 12:30:00,19.6194146452,3.546839,1014.5,77.59515,7.1595088906,93.6156068501,153.922283542,4.318857
2015-06-28 13:00:00,23.2137435565,3.583433,1014.629,77.23502,7.2011711173,92.6779818533,171.602334845,4.117842
2015-06-28 13:30:00,16.1039418908,3.535644,1014.871,76.98937,7.0527371341,92.1023591538,164.546775975,4.151383
2015-06-28 14:00:00,19.7021304295,3.688194,1014.935,76.35735,6.82919045579,93.0385293826,176.097327623,4.073731
2015-06-28 14:30:00,36.2386340573,3.799572,1015.05,74.9443,6.76901645714,92.3216290198,184.857716891,4.091144
2015-06-28 15:00:00,39.5398979781,3.904639,1015.159,73.19274,6.51013011739,99.9576059656,195.174298056,4.315504
2015-06-28 15:30:00,37.5114556915,4.027683,1015.159,72.685,6.48839977756,98.9975083008,207.954071164,4.449872
2015-06-28 16:00:00,33.0126845484,3.83075,1015.2,72.71953,6.24177926081,92.2664344712,148.305659237,5.102893
2015-06-28 16:30:00,34.9019874904,3.790478,1015.367,73.05619,6.03387489995,99.7885474692,136.326266002,5.172116
2015-06-28 17:00:00,25.0568015799,3.593805,1015.462,74.87204,6.07765938666,92.0810335777,122.84020721,4.957714
2015-06-28 17:30:00,21.184922415,3.460311,1015.622,75.24571,5.97414999058,93.4607960179,109.162802966,4.753985
2015-06-28 18:00:00,18.9182460403,3.414305,1015.699,75.66507,6.43184020823,92.8326169826,142.304538203,4.327446
2015-06-28 18:30:00,24.80248879,3.278694,1015.653,75.75282,6.31960308793,94.3049772685,109.112687048,4.138181
2015-06-28 19:00:00,17.402780576,2.818639,1015.749,76.59408,6.63641578375,100.997121789,62.7824245059,4.280031
2015-06-28 19:30:00,13.3060041593,2.506106,1015.81,77.7829,6.31104316048,105.353195861,50.0390309376,3.719053
2015-06-28 20:00:00,10.1566483328,2.280622,1015.911,77.84778,6.03340409834,110.425357033,42.4201480733,2.960369
2015-06-28 20:30:00,11.7786932677,2.040022,1016.035,77.62758,5.48756843119,108.839296711,26.6233355168,2.408575
2015-06-28 21:00:00,13.8414802892,2.044372,1016.213,76.31491,5.24998035564,107.811661045,30.4494672447,1.799125
2015-06-28 22:00:00,10.9889599313,2.300033,1016.556,74.18871,4.3606522206,99.6381965753,45.4192907167,0.8583511
2015-06-28 22:30:00,15.7696393051,2.647322,1016.674,73.02305,4.65389265503,99.7289580982,69.4900303504,0.8808859
2015-06-28 23:00:00,16.2970179038,2.313555,1016.766,74.20253,4.87932250921,97.9618942397,48.3394797385,1.329828
2015-06-28 23:30:00,10.1281575195,2.118922,1016.759,73.34782,4.55860461147,110.59047951,18.5817148293,1.655413
2015-06-29 00:00:00,6.45018857114,1.842239,1016.863,76.46777,4.68017278346,108.701233827,-0.593616879654,1.535332
2015-06-29 00:30:00,9.0708863198,1.906283,1016.862,76.19629,4.76752655519,112.029020972,29.5043227953,0.7805001
2015-06-29 01:00:00,12.7562581549,1.974983,1016.97,76.50031,4.91765973347,108.030963005,45.1115166959,0.43436
2015-06-29 01:30:00,9.25362120798,1.907267,1016.964,77.56188,4.7358734878,107.65990953,39.1936225739,0.5066239
2015-06-29 02:00:00,9.08510378519,1.818028,1016.949,77.32045,4.38749996967,104.530302281,23.0169427015,0.7020797
2015-06-29 02:30:00,6.60287131405,1.617172,1016.926,77.08009,4.65256096003,109.797517232,22.1053886824,0.7481663
2015-06-29 03:00:00,9.663528006,1.642628,1016.875,77.50008,4.24310879941,108.308936018,33.3241402454,0.4792008
2015-06-29 04:00:00,8.00842251179,1.765161,1016.735,74.76334,4.34156235198,111.572744104,27.1113529895,0.5254855
2015-06-29 04:30:00,9.0726863242,1.780217,1016.729,75.46716,4.34427861215,102.690468736,39.2231174074,0.5728719
2015-06-29 05:00:00,13.508372199,1.919244,1016.745,75.37188,4.60042635071,100.327843264,64.5682709803,0.5206785
2015-06-29 05:30:00,16.1419803608,1.980983,1016.707,74.99278,5.61447725483,103.670570555,85.1264828188,0.7623746
2015-06-29 06:00:00,14.9219066747,2.03255,1016.704,73.87861,4.99781217135,103.825821623,63.9434970712,1.216926
2015-06-29 06:30:00,20.4476373104,2.098472,1016.682,73.82394,5.83398713681,100.234218134,95.9669023045,1.467669
2015-06-29 07:00:00,31.3575631238,2.481372,1016.74,71.52662,5.67493536854,96.411212903,137.784325444,1.482029
2015-06-29 08:00:00,30.9214685233,2.342489,1016.563,70.51681,5.34369045438,97.6739548935,118.211152593,2.762768
2015-06-29 08:30:00,27.1838872649,2.426489,1016.672,69.53291,4.80767787726,89.6847106714,109.367540702,3.129926
2015-06-29 09:00:00,22.7800669948,2.534705,1016.815,68.05567,4.52760227927,85.6601245352,115.1695051,3.182963
2015-06-29 09:30:00,23.9620616533,2.713833,1016.809,68.14842,4.15860644678,88.9956477876,120.595103664,3.15754
2015-06-29 10:00:00,31.6983184522,2.829089,1016.753,67.93468,3.90251668847,90.3000899756,128.124881834,3.261306
2015-06-29 10:30:00,28.3120058735,2.920866,1016.831,67.45135,3.50824020822,87.8268419801,126.976887955,3.569375
2015-06-29 11:30:00,24.0611277506,3.213911,1017.003,65.73528,1.99648689889,91.5233564311,119.78079918,4.265645
2015-06-29 12:00:00,25.4458896927,3.523689,1017.03,63.85886,0.91166788117,90.032144556,118.404663827,4.669378
2015-06-29 12:30:00,31.4734559853,3.5749,1017.024,64.31924,1.2200370414,90.5001667486,110.210744472,5.3575
2015-06-29 13:00:00,21.424457125,3.482194,1017.031,64.69668,0.901419975335,0.175419494045,110.416515361,6.157248
2015-06-29 13:30:00,32.2453006548,3.240494,1016.988,68.88561,3.05180786374,313.276892738,121.037038059,6.627392
2015-06-29 15:00:00,23.1502076322,3.536855,1017.056,72.7748,4.0821338416,311.81285253,123.559315111,5.231595
2015-06-29 15:30:00,25.6078205741,3.4902,1017.076,74.01842,4.47480181897,316.197478627,137.48126632,5.057078
2015-06-29 16:00:00,30.894628392,3.642777,1017.138,73.9425,4.48856570634,313.806976669,168.462222078,4.770635
2015-06-29 16:30:00,35.140273177,3.917983,1017.077,74.73005,4.2160878308,315.331117335,183.650274544,4.763626
2015-06-29 17:00:00,20.3289401213,3.839889,1017.008,76.7262,4.84056113084,313.132294196,164.139973793,5.193158
2015-06-29 17:30:00,20.4908987519,3.887689,1016.936,78.01332,5.03363750088,310.234826989,168.868460444,5.416374
2015-06-29 19:00:00,29.6798958491,4.301411,1016.668,73.26494,4.86653336355,305.418047678,130.114754366,5.535539
2015-06-29 20:30:00,15.8701993683,3.912378,1016.679,76.11024,4.38428001192,312.139529322,51.6039292417,4.467707
2015-06-29 21:00:00,11.0771069742,3.829883,1016.684,74.97218,4.35961000076,321.512791072,26.3256020143,3.928086
2015-06-29 21:30:00,12.7363140187,3.910378,1016.693,71.54774,3.57554008271,320.192898275,31.6802432805,3.271952
2015-06-29 22:30:00,10.577098585,4.135061,1016.541,69.96375,2.8312514981,305.149961795,33.0887359225,2.068623
2015-06-30 00:00:00,3.72228186299,3.750183,1016.576,74.23647,2.76561309323,321.268135638,-2.51522954211,2.595297
2015-06-30 00:30:00,8.92848187691,3.986378,1016.73,75.6201,2.66734729058,327.609800291,24.0311079011,2.078548
2015-06-30 01:00:00,9.69327216382,3.981783,1016.626,74.63783,2.31995754004,326.162934128,16.7005252641,1.789319
2015-06-30 01:30:00,14.0981481389,4.098556,1016.536,70.99322,2.03342299687,302.619379491,39.6479872015,1.742776
2015-06-30 06:30:00,10.9112294642,4.699344,1015.732,74.76018,3.98206898681,301.418850635,97.5215741181,2.621931
2015-06-30 07:00:00,10.7178159905,4.493661,1015.782,76.25124,4.15404235743,317.398787547,75.2018457623,3.227495
2015-06-30 07:30:00,14.3606304446,4.239717,1015.821,77.84321,4.24182132312,319.195531848,79.5672174974,3.607183
2015-06-30 09:00:00,12.0246972148,4.385911,1015.989,82.07384,3.84514005408,311.857775222,164.346610493,3.952819
2015-06-30 09:30:00,16.1296854893,4.568239,1016.072,80.89178,3.3678286233,317.551628607,124.98994334,4.772992
2015-06-30 11:30:00,17.1597809252,5.585339,1016.767,76.52975,3.10766169618,304.27841603,143.976671699,5.974072
2015-06-30 12:00:00,39.1245837608,6.053361,1016.841,71.8333,0.938185590743,286.849006133,182.385699601,6.28319
2015-06-30 12:30:00,56.6826786676,6.726977,1016.903,67.25391,0.983887256894,145.709514338,197.390116604,7.154754
2015-06-30 13:00:00,36.0265518917,6.989122,1017.015,66.54687,1.18678713992,128.874232147,177.604336469,8.704166
2015-06-30 13:30:00,41.3193159565,7.142138,1017.155,66.94889,0.800210188107,138.865020137,184.646776504,9.934284
2015-06-30 14:00:00,56.9662303074,7.121266,1017.16,70.92476,3.26434304169,125.397913177,269.784504322,10.91673
2015-06-30 14:30:00,84.4449227768,8.037572,1017.259,66.61382,2.94389782281,124.28283591,369.421152715,11.32224
2015-06-30 15:30:00,70.0415357884,7.67315,1017.426,66.51595,3.96082385785,128.326438874,298.660584474,12.57535
2015-06-30 16:00:00,80.0970760806,7.93865,1017.514,65.50487,4.46068421065,119.536521927,317.894316643,12.33977
2015-06-30 16:30:00,56.7178496081,8.184606,1017.666,63.26796,3.74649670737,111.016318873,310.115505448,12.30693
2015-06-30 17:30:00,80.4147805616,8.859622,1017.972,57.72322,2.793730044,106.853963949,340.966124915,12.12766
2015-06-30 19:30:00,52.2040288947,9.100389,1018.059,55.09325,1.28669730791,122.48781713,195.812258112,10.87799
2015-06-30 21:30:00,25.8556815554,7.68695,1018.292,68.98455,2.35404515572,319.339124742,102.416810966,9.00995
2015-06-30 22:00:00,47.9561268906,8.594439,1018.253,63.01586,1.48443077407,336.6664045,121.382493,8.423959
2015-06-30 22:30:00,39.8304220064,9.449461,1018.34,57.55028,0.594372912989,312.497974699,68.0882084504,9.040743
